generator,learner,threshold,seed_scope,hospital_n,seed_n,cell_n,mu_EUL,mu_SE,mu_CI_lower,mu_CI_upper,sigma2_seed,sigma2_hospital,sigma2_seed_x_hospital,tau_seed,tau_hospital,tau_seed_x_hospital,share_seed,share_hospital,share_interaction,hospital_average_seed_PI95_lower,hospital_average_seed_PI95_upper,new_seed_new_hospital_PI95_lower,new_seed_new_hospital_PI95_upper,method,converged,optimizer_message
GaussianCopula,LR_L2,100_10_10,PRIMARY_ALL_ESTIMABLE,127,15,1905,0.041682400787437561,0.0032342909341401844,0.035343190556522797,0.048021611018352325,0.00010126950961314484,0.00022055124648566197,0.00014669678832164722,0.010063275292525035,0.014850967863599395,0.012111844959445577,0.21614880983467333,0.47074276964052442,0.3131084205248022,0.011892213563268368,0.071472588011606747,-0.0012133167726796762,0.084578118347554798,CUSTOM_EXACT_GAUSSIAN_REML_KNOWN_BLOCK_V,True,CONVERGENCE: RELATIVE REDUCTION OF F <= FACTR*EPSMCH
GaussianCopula,LR_L2,200_20_20,PRIMARY_ALL_ESTIMABLE,85,15,1275,0.043564829709596666,0.0036525077017045362,0.036405914614255776,0.050723744804937555,0.00012673639802565788,0.00019708934218310139,0.00011292686913228644,0.011257726148101929,0.014038851170345149,0.010626705469348741,0.29017891436727195,0.45126082355973018,0.25856026207299787,0.015132656344324324,0.071997003074869004,0.0019826353304292707,0.085147024088764067,CUSTOM_EXACT_GAUSSIAN_REML_KNOWN_BLOCK_V,True,CONVERGENCE: RELATIVE REDUCTION OF F <= FACTR*EPSMCH
GaussianCopula,LR_L2,300_30_30,PRIMARY_ALL_ESTIMABLE,66,15,990,0.047126311939236228,0.0037940309264653371,0.039690011323364166,0.054562612555108289,0.00013331290508473387,0.00016296902359471565,0.00010082920615821483,0.0115461207807962,0.01276593214750555,0.010041374714560493,0.33570679185118052,0.41038643668688862,0.2539067714619308,0.021023431487242453,0.073229192391230005,0.007366524434245833,0.086886099444226622,CUSTOM_EXACT_GAUSSIAN_REML_KNOWN_BLOCK_V,True,CONVERGENCE: RELATIVE REDUCTION OF F <= FACTR*EPSMCH
GaussianCopula,XGBoost,100_10_10,PRIMARY_ALL_ESTIMABLE,127,15,1905,0.1128051961310548,0.0039662917199701801,0.10503126435991325,0.12057912790219635,0.00012643699202728858,0.00043531999194585248,0.00074035349791777897,0.011244420484279686,0.020864323424109696,0.027209437662652623,0.097101585299948792,0.33431878323695113,0.56857963146310009,0.071178770675083325,0.15443162158702628,0.041653093966645627,0.18395729829546398,CUSTOM_EXACT_GAUSSIAN_REML_KNOWN_BLOCK_V,True,CONVERGENCE: RELATIVE REDUCTION OF F <= FACTR*EPSMCH
GaussianCopula,XGBoost,200_20_20,PRIMARY_ALL_ESTIMABLE,85,15,1275,0.11586129331228048,0.0043096118617824107,0.10741445406318696,0.124308132561374,0.00014988225481881907,0.00035379001232182811,0.00034108134181293068,0.012242640843331926,0.018809306534846734,0.018468387634358627,0.17742718495690454,0.41880852425132414,0.40376429079177134,0.078039754413981255,0.15368283221057971,0.058271758173888445,0.17345082845067253,CUSTOM_EXACT_GAUSSIAN_REML_KNOWN_BLOCK_V,True,CONVERGENCE: RELATIVE REDUCTION OF F <= FACTR*EPSMCH
GaussianCopula,XGBoost,300_30_30,PRIMARY_ALL_ESTIMABLE,66,15,990,0.11779857512472476,0.0044409812524436416,0.10909425186993522,0.12650289837951428,0.00014560919644964691,0.00033000435081287116,0.00020688863570658873,0.012066863571353035,0.018166021876373242,0.014383623872536042,0.21334612559948082,0.48352131179602198,0.30313256260449711,0.08114465367821927,0.15445249657123025,0.065859518246321691,0.16973763200312783,CUSTOM_EXACT_GAUSSIAN_REML_KNOWN_BLOCK_V,True,CONVERGENCE: RELATIVE REDUCTION OF F <= FACTR*EPSMCH
CTGAN,LR_L2,100_10_10,PRIMARY_ALL_ESTIMABLE,127,15,1905,0.080588893716897411,0.006222959582107915,0.068391892935965898,0.092785894497828925,0.00033555643805624859,0.0012526080493144517,0.00027496913664553751,0.018318199640146096,0.035392203227751329,0.016582193360515897,0.18010325922459125,0.67231251326691477,0.14758422750849409,0.010156046903095822,0.151021740530699,-0.0048873074040627074,0.16606509483785753,CUSTOM_EXACT_GAUSSIAN_REML_KNOWN_BLOCK_V,True,CONVERGENCE: NORM OF PROJECTED GRADIENT <= PGTOL
CTGAN,LR_L2,200_20_20,PRIMARY_ALL_ESTIMABLE,85,15,1275,0.093139941857816766,0.0068983880173949345,0.079619101343722687,0.10666078237191084,0.00047275417734981743,0.00068306002950703135,0.00019266942817885689,0.021742910967711235,0.026135417148135043,0.013880541350352906,0.35058206497055466,0.50653935410120499,0.14287858092824043,0.040160167060619117,0.14611971665501441,0.019906425893056939,0.16637345782257659,CUSTOM_EXACT_GAUSSIAN_REML_KNOWN_BLOCK_V,True,CONVERGENCE: RELATIVE REDUCTION OF F <= FACTR*EPSMCH
CTGAN,LR_L2,300_30_30,PRIMARY_ALL_ESTIMABLE,66,15,990,0.097368009626879581,0.0070128902205745898,0.08362274479455338,0.11111327445920578,0.00048387458487937634,0.00054520491263356137,0.00013736959832269792,0.021997149471678742,0.023349623393827176,0.011720477734405621,0.41482700497335645,0.46740566269030415,0.11776733233633942,0.049583163726909657,0.14515285552684951,0.02903088097873574,0.16570513827502342,CUSTOM_EXACT_GAUSSIAN_REML_KNOWN_BLOCK_V,True,CONVERGENCE: RELATIVE REDUCTION OF F <= FACTR*EPSMCH
CTGAN,XGBoost,100_10_10,PRIMARY_ALL_ESTIMABLE,127,15,1905,0.087959041887091485,0.0059223652338894223,0.076351206028668211,0.099566877745514759,0.00039367559771284462,0.00062533113525124241,0.00028002654819310512,0.019841259982996157,0.025006621828052713,0.016733993790876856,0.30305274192987142,0.48138192017235387,0.21556533789777471,0.037590262444888702,0.13832782132929428,0.016369181528172183,0.15954890224601079,CUSTOM_EXACT_GAUSSIAN_REML_KNOWN_BLOCK_V,True,CONVERGENCE: RELATIVE REDUCTION OF F <= FACTR*EPSMCH
CTGAN,XGBoost,200_20_20,PRIMARY_ALL_ESTIMABLE,85,15,1275,0.092996518941769246,0.0058775875754994503,0.081476447293790319,0.10451659058974817,0.00037734862842984295,0.00039680567652693969,0.00016541688996906214,0.019425463403220086,0.019919981840527356,0.012861449761557293,0.40161791939526731,0.42232635341514208,0.17605572718959056,0.05228926236851858,0.13370377551501991,0.0318232506524119,0.15416978723112659,CUSTOM_EXACT_GAUSSIAN_REML_KNOWN_BLOCK_V,True,CONVERGENCE: RELATIVE REDUCTION OF F <= FACTR*EPSMCH
CTGAN,XGBoost,300_30_30,PRIMARY_ALL_ESTIMABLE,66,15,990,0.095046848378253002,0.0059949476906709098,0.083296750904538017,0.10679694585196799,0.00037817401675135801,0.00035263396147841418,0.00013776087512507574,0.019446696808233476,0.018778550569157733,0.011737157881066256,0.43539900756360372,0.40599425148203883,0.15860674095435756,0.056410810575997977,0.13368288618050803,0.036099762804072261,0.15399393395243374,CUSTOM_EXACT_GAUSSIAN_REML_KNOWN_BLOCK_V,True,CONVERGENCE: RELATIVE REDUCTION OF F <= FACTR*EPSMCH
TabDDPM,LR_L2,100_10_10,PRIMARY_ALL_ESTIMABLE,127,14,1778,0.22314382108197861,0.024960890720697106,0.17422047526941228,0.27206716689454491,0.0085891533561870004,0.00046366423922549296,0.00066400024182323211,0.092677685319536338,0.021532864166791489,0.025768202145730543,0.88394714196170154,0.047717704190016787,0.068335153848281802,0.15853185387075214,0.28775578829320508,0.023840983247138153,0.4224466589168191,CUSTOM_EXACT_GAUSSIAN_REML_KNOWN_BLOCK_V,True,CONVERGENCE: RELATIVE REDUCTION OF F <= FACTR*EPSMCH
TabDDPM,LR_L2,200_20_20,PRIMARY_ALL_ESTIMABLE,85,14,1190,0.21795764991703001,0.02422178453061612,0.17048295223702242,0.2654323475970376,0.008066250940630168,0.00032598729047072524,0.00039310542067175718,0.089812309516180286,0.01805511812397596,0.019826886308035287,0.91814859615680611,0.037105809788664283,0.04474559405452954,0.15874481604733198,0.27717048378672804,0.028211442860188063,0.40770385697387196,CUSTOM_EXACT_GAUSSIAN_REML_KNOWN_BLOCK_V,True,CONVERGENCE: RELATIVE REDUCTION OF F <= FACTR*EPSMCH
TabDDPM,LR_L2,300_30_30,PRIMARY_ALL_ESTIMABLE,66,14,924,0.21799754644440206,0.023456205186227774,0.17202338427939562,0.2639717086094085,0.0075377560059864306,0.00029246872721388687,0.0003052206786229542,0.086820251128330833,0.017101717083786844,0.017470566064754577,0.9265326757686535,0.035949934196453585,0.037517390034892975,0.16110140027228265,0.27489369261652147,0.035331866359623709,0.40066322652918041,CUSTOM_EXACT_GAUSSIAN_REML_KNOWN_BLOCK_V,True,CONVERGENCE: RELATIVE REDUCTION OF F <= FACTR*EPSMCH
TabDDPM,XGBoost,100_10_10,PRIMARY_ALL_ESTIMABLE,127,14,1778,0.24101935105339406,0.014930303713005126,0.211755955775904,0.27028274633088412,0.0029327068177360908,0.00088063428059083793,0.0010789296360475603,0.054154471816610775,0.029675482819843689,0.032847064344436634,0.59945717990013447,0.1800052221973838,0.22053759790248179,0.17590874550034771,0.30612995660644038,0.10083913291852434,0.38119956918826381,CUSTOM_EXACT_GAUSSIAN_REML_KNOWN_BLOCK_V,True,CONVERGENCE: RELATIVE REDUCTION OF F <= FACTR*EPSMCH
TabDDPM,XGBoost,200_20_20,PRIMARY_ALL_ESTIMABLE,85,14,1190,0.2426182215419399,0.014865883855128922,0.21348108918588721,0.2717553538979926,0.0028708759553040955,0.00071798493230451523,0.00064914915530026583,0.053580555757700904,0.026795240851772824,0.025478405666372963,0.67741131480037498,0.16941558066995666,0.1531731045296684,0.18255838972503288,0.30267805335884695,0.11173769639486972,0.37349874668901006,CUSTOM_EXACT_GAUSSIAN_REML_KNOWN_BLOCK_V,True,CONVERGENCE: RELATIVE REDUCTION OF F <= FACTR*EPSMCH
TabDDPM,XGBoost,300_30_30,PRIMARY_ALL_ESTIMABLE,66,14,924,0.24085241396685317,0.0146480018431553,0.21214233035426877,0.26956249757943757,0.0027843294371405411,0.00049989905853609973,0.00050797876954293737,0.05276674556139066,0.022358422541317619,0.022538384359641606,0.73422396045626515,0.13182271526162331,0.13395332428211151,0.1884627095936286,0.29324211834007774,0.11678625286275066,0.36491857507095571,CUSTOM_EXACT_GAUSSIAN_REML_KNOWN_BLOCK_V,True,CONVERGENCE: RELATIVE REDUCTION OF F <= FACTR*EPSMCH
