generator,learner,delta,estimable_seed_count,hospital_count,total_hospital_pairs,discordant_hospital_pairs,destination_pair_discordance_rate,seed_rate_distribution_json,seed_reversal_count,seed_reversal_proportion,unanimous_qualified_seed_count,unanimous_qualified_seed_proportion,unanimous_not_qualified_seed_count,unanimous_not_qualified_seed_proportion,seed_rate_min,seed_rate_Q1,seed_rate_median,seed_rate_Q3,seed_rate_max
GaussianCopula,LR_L2,0.025000000000000001,15,85,53550,16862,0.31488328664799253,"[{""seed"": 42, ""qualified_count"": 8, ""pair_denominator"": 3570, ""discordant_pair_count"": 616, ""pair_discordance_rate"": 0.17254901960784313}, {""seed"": 43, ""qualified_count"": 19, ""pair_denominator"": 3570, ""discordant_pair_count"": 1254, ""pair_discordance_rate"": 0.35126050420168065}, {""seed"": 44, ""qualified_count"": 18, ""pair_denominator"": 3570, ""discordant_pair_count"": 1206, ""pair_discordance_rate"": 0.3378151260504202}, {""seed"": 45, ""qualified_count"": 12, ""pair_denominator"": 3570, ""discordant_pair_count"": 876, ""pair_discordance_rate"": 0.2453781512605042}, {""seed"": 46, ""qualified_count"": 15, ""pair_denominator"": 3570, ""discordant_pair_count"": 1050, ""pair_discordance_rate"": 0.29411764705882354}, {""seed"": 47, ""qualified_count"": 35, ""pair_denominator"": 3570, ""discordant_pair_count"": 1750, ""pair_discordance_rate"": 0.49019607843137253}, {""seed"": 48, ""qualified_count"": 16, ""pair_denominator"": 3570, ""discordant_pair_count"": 1104, ""pair_discordance_rate"": 0.3092436974789916}, {""seed"": 49, ""qualified_count"": 19, ""pair_denominator"": 3570, ""discordant_pair_count"": 1254, ""pair_discordance_rate"": 0.35126050420168065}, {""seed"": 50, ""qualified_count"": 15, ""pair_denominator"": 3570, ""discordant_pair_count"": 1050, ""pair_discordance_rate"": 0.29411764705882354}, {""seed"": 51, ""qualified_count"": 18, ""pair_denominator"": 3570, ""discordant_pair_count"": 1206, ""pair_discordance_rate"": 0.3378151260504202}, {""seed"": 52, ""qualified_count"": 41, ""pair_denominator"": 3570, ""discordant_pair_count"": 1804, ""pair_discordance_rate"": 0.5053221288515406}, {""seed"": 53, ""qualified_count"": 5, ""pair_denominator"": 3570, ""discordant_pair_count"": 400, ""pair_discordance_rate"": 0.11204481792717087}, {""seed"": 54, ""qualified_count"": 10, ""pair_denominator"": 3570, ""discordant_pair_count"": 750, ""pair_discordance_rate"": 0.21008403361344538}, {""seed"": 55, ""qualified_count"": 17, ""pair_denominator"": 3570, ""discordant_pair_count"": 1156, ""pair_discordance_rate"": 0.3238095238095238}, {""seed"": 56, ""qualified_count"": 22, ""pair_denominator"": 3570, ""discordant_pair_count"": 1386, ""pair_discordance_rate"": 0.38823529411764707}]",15,1,0,0,0,0,0.11204481792717087,0.26974789915966385,0.32380952380952382,0.35126050420168065,0.5053221288515406
GaussianCopula,LR_L2,0.050000000000000003,15,85,53550,23622,0.44112044817927171,"[{""seed"": 42, ""qualified_count"": 19, ""pair_denominator"": 3570, ""discordant_pair_count"": 1254, ""pair_discordance_rate"": 0.35126050420168065}, {""seed"": 43, ""qualified_count"": 39, ""pair_denominator"": 3570, ""discordant_pair_count"": 1794, ""pair_discordance_rate"": 0.5025210084033613}, {""seed"": 44, ""qualified_count"": 35, ""pair_denominator"": 3570, ""discordant_pair_count"": 1750, ""pair_discordance_rate"": 0.49019607843137253}, {""seed"": 45, ""qualified_count"": 30, ""pair_denominator"": 3570, ""discordant_pair_count"": 1650, ""pair_discordance_rate"": 0.46218487394957986}, {""seed"": 46, ""qualified_count"": 32, ""pair_denominator"": 3570, ""discordant_pair_count"": 1696, ""pair_discordance_rate"": 0.47507002801120446}, {""seed"": 47, ""qualified_count"": 70, ""pair_denominator"": 3570, ""discordant_pair_count"": 1050, ""pair_discordance_rate"": 0.29411764705882354}, {""seed"": 48, ""qualified_count"": 33, ""pair_denominator"": 3570, ""discordant_pair_count"": 1716, ""pair_discordance_rate"": 0.48067226890756304}, {""seed"": 49, ""qualified_count"": 41, ""pair_denominator"": 3570, ""discordant_pair_count"": 1804, ""pair_discordance_rate"": 0.5053221288515406}, {""seed"": 50, ""qualified_count"": 28, ""pair_denominator"": 3570, ""discordant_pair_count"": 1596, ""pair_discordance_rate"": 0.4470588235294118}, {""seed"": 51, ""qualified_count"": 43, ""pair_denominator"": 3570, ""discordant_pair_count"": 1806, ""pair_discordance_rate"": 0.5058823529411764}, {""seed"": 52, ""qualified_count"": 70, ""pair_denominator"": 3570, ""discordant_pair_count"": 1050, ""pair_discordance_rate"": 0.29411764705882354}, {""seed"": 53, ""qualified_count"": 17, ""pair_denominator"": 3570, ""discordant_pair_count"": 1156, ""pair_discordance_rate"": 0.3238095238095238}, {""seed"": 54, ""qualified_count"": 32, ""pair_denominator"": 3570, ""discordant_pair_count"": 1696, ""pair_discordance_rate"": 0.47507002801120446}, {""seed"": 55, ""qualified_count"": 40, ""pair_denominator"": 3570, ""discordant_pair_count"": 1800, ""pair_discordance_rate"": 0.5042016806722689}, {""seed"": 56, ""qualified_count"": 41, ""pair_denominator"": 3570, ""discordant_pair_count"": 1804, ""pair_discordance_rate"": 0.5053221288515406}]",15,1,0,0,0,0,0.29411764705882354,0.39915966386554624,0.47507002801120446,0.50336134453781511,0.50588235294117645
GaussianCopula,LR_L2,0.10000000000000001,15,85,53550,10936,0.2042203548085901,"[{""seed"": 42, ""qualified_count"": 60, ""pair_denominator"": 3570, ""discordant_pair_count"": 1500, ""pair_discordance_rate"": 0.42016806722689076}, {""seed"": 43, ""qualified_count"": 79, ""pair_denominator"": 3570, ""discordant_pair_count"": 474, ""pair_discordance_rate"": 0.13277310924369748}, {""seed"": 44, ""qualified_count"": 77, ""pair_denominator"": 3570, ""discordant_pair_count"": 616, ""pair_discordance_rate"": 0.17254901960784313}, {""seed"": 45, ""qualified_count"": 64, ""pair_denominator"": 3570, ""discordant_pair_count"": 1344, ""pair_discordance_rate"": 0.3764705882352941}, {""seed"": 46, ""qualified_count"": 68, ""pair_denominator"": 3570, ""discordant_pair_count"": 1156, ""pair_discordance_rate"": 0.3238095238095238}, {""seed"": 47, ""qualified_count"": 85, ""pair_denominator"": 3570, ""discordant_pair_count"": 0, ""pair_discordance_rate"": 0.0}, {""seed"": 48, ""qualified_count"": 75, ""pair_denominator"": 3570, ""discordant_pair_count"": 750, ""pair_discordance_rate"": 0.21008403361344538}, {""seed"": 49, ""qualified_count"": 81, ""pair_denominator"": 3570, ""discordant_pair_count"": 324, ""pair_discordance_rate"": 0.0907563025210084}, {""seed"": 50, ""qualified_count"": 73, ""pair_denominator"": 3570, ""discordant_pair_count"": 876, ""pair_discordance_rate"": 0.2453781512605042}, {""seed"": 51, ""qualified_count"": 77, ""pair_denominator"": 3570, ""discordant_pair_count"": 616, ""pair_discordance_rate"": 0.17254901960784313}, {""seed"": 52, ""qualified_count"": 85, ""pair_denominator"": 3570, ""discordant_pair_count"": 0, ""pair_discordance_rate"": 0.0}, {""seed"": 53, ""qualified_count"": 47, ""pair_denominator"": 3570, ""discordant_pair_count"": 1786, ""pair_discordance_rate"": 0.5002801120448179}, {""seed"": 54, ""qualified_count"": 78, ""pair_denominator"": 3570, ""discordant_pair_count"": 546, ""pair_discordance_rate"": 0.15294117647058825}, {""seed"": 55, ""qualified_count"": 79, ""pair_denominator"": 3570, ""discordant_pair_count"": 474, ""pair_discordance_rate"": 0.13277310924369748}, {""seed"": 56, ""qualified_count"": 79, ""pair_denominator"": 3570, ""discordant_pair_count"": 474, ""pair_discordance_rate"": 0.13277310924369748}]",13,0.8666666666666667,2,0.13333333333333333,0,0,0,0.13277310924369748,0.17254901960784313,0.28459383753501399,0.50028011204481793
GaussianCopula,LR_L2,0.20000000000000001,15,85,53550,330,0.0061624649859943975,"[{""seed"": 42, ""qualified_count"": 84, ""pair_denominator"": 3570, ""discordant_pair_count"": 84, ""pair_discordance_rate"": 0.023529411764705882}, {""seed"": 43, ""qualified_count"": 85, ""pair_denominator"": 3570, ""discordant_pair_count"": 0, ""pair_discordance_rate"": 0.0}, {""seed"": 44, ""qualified_count"": 85, ""pair_denominator"": 3570, ""discordant_pair_count"": 0, ""pair_discordance_rate"": 0.0}, {""seed"": 45, ""qualified_count"": 85, ""pair_denominator"": 3570, ""discordant_pair_count"": 0, ""pair_discordance_rate"": 0.0}, {""seed"": 46, ""qualified_count"": 85, ""pair_denominator"": 3570, ""discordant_pair_count"": 0, ""pair_discordance_rate"": 0.0}, {""seed"": 47, ""qualified_count"": 85, ""pair_denominator"": 3570, ""discordant_pair_count"": 0, ""pair_discordance_rate"": 0.0}, {""seed"": 48, ""qualified_count"": 85, ""pair_denominator"": 3570, ""discordant_pair_count"": 0, ""pair_discordance_rate"": 0.0}, {""seed"": 49, ""qualified_count"": 85, ""pair_denominator"": 3570, ""discordant_pair_count"": 0, ""pair_discordance_rate"": 0.0}, {""seed"": 50, ""qualified_count"": 85, ""pair_denominator"": 3570, ""discordant_pair_count"": 0, ""pair_discordance_rate"": 0.0}, {""seed"": 51, ""qualified_count"": 85, ""pair_denominator"": 3570, ""discordant_pair_count"": 0, ""pair_discordance_rate"": 0.0}, {""seed"": 52, ""qualified_count"": 85, ""pair_denominator"": 3570, ""discordant_pair_count"": 0, ""pair_discordance_rate"": 0.0}, {""seed"": 53, ""qualified_count"": 82, ""pair_denominator"": 3570, ""discordant_pair_count"": 246, ""pair_discordance_rate"": 0.06890756302521009}, {""seed"": 54, ""qualified_count"": 85, ""pair_denominator"": 3570, ""discordant_pair_count"": 0, ""pair_discordance_rate"": 0.0}, {""seed"": 55, ""qualified_count"": 85, ""pair_denominator"": 3570, ""discordant_pair_count"": 0, ""pair_discordance_rate"": 0.0}, {""seed"": 56, ""qualified_count"": 85, ""pair_denominator"": 3570, ""discordant_pair_count"": 0, ""pair_discordance_rate"": 0.0}]",2,0.13333333333333333,13,0.8666666666666667,0,0,0,0,0,0,0.068907563025210089
GaussianCopula,XGBoost,0.025000000000000001,15,85,53550,1564,0.029206349206349208,"[{""seed"": 42, ""qualified_count"": 1, ""pair_denominator"": 3570, ""discordant_pair_count"": 84, ""pair_discordance_rate"": 0.023529411764705882}, {""seed"": 43, ""qualified_count"": 1, ""pair_denominator"": 3570, ""discordant_pair_count"": 84, ""pair_discordance_rate"": 0.023529411764705882}, {""seed"": 44, ""qualified_count"": 0, ""pair_denominator"": 3570, ""discordant_pair_count"": 0, ""pair_discordance_rate"": 0.0}, {""seed"": 45, ""qualified_count"": 0, ""pair_denominator"": 3570, ""discordant_pair_count"": 0, ""pair_discordance_rate"": 0.0}, {""seed"": 46, ""qualified_count"": 0, ""pair_denominator"": 3570, ""discordant_pair_count"": 0, ""pair_discordance_rate"": 0.0}, {""seed"": 47, ""qualified_count"": 3, ""pair_denominator"": 3570, ""discordant_pair_count"": 246, ""pair_discordance_rate"": 0.06890756302521009}, {""seed"": 48, ""qualified_count"": 2, ""pair_denominator"": 3570, ""discordant_pair_count"": 166, ""pair_discordance_rate"": 0.04649859943977591}, {""seed"": 49, ""qualified_count"": 5, ""pair_denominator"": 3570, ""discordant_pair_count"": 400, ""pair_discordance_rate"": 0.11204481792717087}, {""seed"": 50, ""qualified_count"": 2, ""pair_denominator"": 3570, ""discordant_pair_count"": 166, ""pair_discordance_rate"": 0.04649859943977591}, {""seed"": 51, ""qualified_count"": 0, ""pair_denominator"": 3570, ""discordant_pair_count"": 0, ""pair_discordance_rate"": 0.0}, {""seed"": 52, ""qualified_count"": 1, ""pair_denominator"": 3570, ""discordant_pair_count"": 84, ""pair_discordance_rate"": 0.023529411764705882}, {""seed"": 53, ""qualified_count"": 2, ""pair_denominator"": 3570, ""discordant_pair_count"": 166, ""pair_discordance_rate"": 0.04649859943977591}, {""seed"": 54, ""qualified_count"": 1, ""pair_denominator"": 3570, ""discordant_pair_count"": 84, ""pair_discordance_rate"": 0.023529411764705882}, {""seed"": 55, ""qualified_count"": 1, ""pair_denominator"": 3570, ""discordant_pair_count"": 84, ""pair_discordance_rate"": 0.023529411764705882}, {""seed"": 56, ""qualified_count"": 0, ""pair_denominator"": 3570, ""discordant_pair_count"": 0, ""pair_discordance_rate"": 0.0}]",10,0.66666666666666663,0,0,5,0.33333333333333331,0,0,0.023529411764705882,0.046498599439775912,0.11204481792717087
GaussianCopula,XGBoost,0.050000000000000003,15,85,53550,5386,0.10057889822595704,"[{""seed"": 42, ""qualified_count"": 2, ""pair_denominator"": 3570, ""discordant_pair_count"": 166, ""pair_discordance_rate"": 0.04649859943977591}, {""seed"": 43, ""qualified_count"": 6, ""pair_denominator"": 3570, ""discordant_pair_count"": 474, ""pair_discordance_rate"": 0.13277310924369748}, {""seed"": 44, ""qualified_count"": 7, ""pair_denominator"": 3570, ""discordant_pair_count"": 546, ""pair_discordance_rate"": 0.15294117647058825}, {""seed"": 45, ""qualified_count"": 2, ""pair_denominator"": 3570, ""discordant_pair_count"": 166, ""pair_discordance_rate"": 0.04649859943977591}, {""seed"": 46, ""qualified_count"": 2, ""pair_denominator"": 3570, ""discordant_pair_count"": 166, ""pair_discordance_rate"": 0.04649859943977591}, {""seed"": 47, ""qualified_count"": 7, ""pair_denominator"": 3570, ""discordant_pair_count"": 546, ""pair_discordance_rate"": 0.15294117647058825}, {""seed"": 48, ""qualified_count"": 6, ""pair_denominator"": 3570, ""discordant_pair_count"": 474, ""pair_discordance_rate"": 0.13277310924369748}, {""seed"": 49, ""qualified_count"": 8, ""pair_denominator"": 3570, ""discordant_pair_count"": 616, ""pair_discordance_rate"": 0.17254901960784313}, {""seed"": 50, ""qualified_count"": 5, ""pair_denominator"": 3570, ""discordant_pair_count"": 400, ""pair_discordance_rate"": 0.11204481792717087}, {""seed"": 51, ""qualified_count"": 1, ""pair_denominator"": 3570, ""discordant_pair_count"": 84, ""pair_discordance_rate"": 0.023529411764705882}, {""seed"": 52, ""qualified_count"": 2, ""pair_denominator"": 3570, ""discordant_pair_count"": 166, ""pair_discordance_rate"": 0.04649859943977591}, {""seed"": 53, ""qualified_count"": 8, ""pair_denominator"": 3570, ""discordant_pair_count"": 616, ""pair_discordance_rate"": 0.17254901960784313}, {""seed"": 54, ""qualified_count"": 2, ""pair_denominator"": 3570, ""discordant_pair_count"": 166, ""pair_discordance_rate"": 0.04649859943977591}, {""seed"": 55, ""qualified_count"": 5, ""pair_denominator"": 3570, ""discordant_pair_count"": 400, ""pair_discordance_rate"": 0.11204481792717087}, {""seed"": 56, ""qualified_count"": 5, ""pair_denominator"": 3570, ""discordant_pair_count"": 400, ""pair_discordance_rate"": 0.11204481792717087}]",15,1,0,0,0,0,0.023529411764705882,0.046498599439775912,0.11204481792717087,0.14285714285714285,0.17254901960784313
GaussianCopula,XGBoost,0.10000000000000001,15,85,53550,21078,0.39361344537815124,"[{""seed"": 42, ""qualified_count"": 10, ""pair_denominator"": 3570, ""discordant_pair_count"": 750, ""pair_discordance_rate"": 0.21008403361344538}, {""seed"": 43, ""qualified_count"": 20, ""pair_denominator"": 3570, ""discordant_pair_count"": 1300, ""pair_discordance_rate"": 0.3641456582633053}, {""seed"": 44, ""qualified_count"": 38, ""pair_denominator"": 3570, ""discordant_pair_count"": 1786, ""pair_discordance_rate"": 0.5002801120448179}, {""seed"": 45, ""qualified_count"": 15, ""pair_denominator"": 3570, ""discordant_pair_count"": 1050, ""pair_discordance_rate"": 0.29411764705882354}, {""seed"": 46, ""qualified_count"": 23, ""pair_denominator"": 3570, ""discordant_pair_count"": 1426, ""pair_discordance_rate"": 0.39943977591036417}, {""seed"": 47, ""qualified_count"": 27, ""pair_denominator"": 3570, ""discordant_pair_count"": 1566, ""pair_discordance_rate"": 0.43865546218487395}, {""seed"": 48, ""qualified_count"": 29, ""pair_denominator"": 3570, ""discordant_pair_count"": 1624, ""pair_discordance_rate"": 0.4549019607843137}, {""seed"": 49, ""qualified_count"": 29, ""pair_denominator"": 3570, ""discordant_pair_count"": 1624, ""pair_discordance_rate"": 0.4549019607843137}, {""seed"": 50, ""qualified_count"": 20, ""pair_denominator"": 3570, ""discordant_pair_count"": 1300, ""pair_discordance_rate"": 0.3641456582633053}, {""seed"": 51, ""qualified_count"": 23, ""pair_denominator"": 3570, ""discordant_pair_count"": 1426, ""pair_discordance_rate"": 0.39943977591036417}, {""seed"": 52, ""qualified_count"": 21, ""pair_denominator"": 3570, ""discordant_pair_count"": 1344, ""pair_discordance_rate"": 0.3764705882352941}, {""seed"": 53, ""qualified_count"": 25, ""pair_denominator"": 3570, ""discordant_pair_count"": 1500, ""pair_discordance_rate"": 0.42016806722689076}, {""seed"": 54, ""qualified_count"": 22, ""pair_denominator"": 3570, ""discordant_pair_count"": 1386, ""pair_discordance_rate"": 0.38823529411764707}, {""seed"": 55, ""qualified_count"": 32, ""pair_denominator"": 3570, ""discordant_pair_count"": 1696, ""pair_discordance_rate"": 0.47507002801120446}, {""seed"": 56, ""qualified_count"": 20, ""pair_denominator"": 3570, ""discordant_pair_count"": 1300, ""pair_discordance_rate"": 0.3641456582633053}]",15,1,0,0,0,0,0.21008403361344538,0.36414565826330531,0.39943977591036417,0.4467787114845938,0.50028011204481793
GaussianCopula,XGBoost,0.20000000000000001,15,85,53550,6388,0.11929038281979458,"[{""seed"": 42, ""qualified_count"": 74, ""pair_denominator"": 3570, ""discordant_pair_count"": 814, ""pair_discordance_rate"": 0.2280112044817927}, {""seed"": 43, ""qualified_count"": 74, ""pair_denominator"": 3570, ""discordant_pair_count"": 814, ""pair_discordance_rate"": 0.2280112044817927}, {""seed"": 44, ""qualified_count"": 84, ""pair_denominator"": 3570, ""discordant_pair_count"": 84, ""pair_discordance_rate"": 0.023529411764705882}, {""seed"": 45, ""qualified_count"": 71, ""pair_denominator"": 3570, ""discordant_pair_count"": 994, ""pair_discordance_rate"": 0.2784313725490196}, {""seed"": 46, ""qualified_count"": 76, ""pair_denominator"": 3570, ""discordant_pair_count"": 684, ""pair_discordance_rate"": 0.1915966386554622}, {""seed"": 47, ""qualified_count"": 84, ""pair_denominator"": 3570, ""discordant_pair_count"": 84, ""pair_discordance_rate"": 0.023529411764705882}, {""seed"": 48, ""qualified_count"": 84, ""pair_denominator"": 3570, ""discordant_pair_count"": 84, ""pair_discordance_rate"": 0.023529411764705882}, {""seed"": 49, ""qualified_count"": 81, ""pair_denominator"": 3570, ""discordant_pair_count"": 324, ""pair_discordance_rate"": 0.0907563025210084}, {""seed"": 50, ""qualified_count"": 77, ""pair_denominator"": 3570, ""discordant_pair_count"": 616, ""pair_discordance_rate"": 0.17254901960784313}, {""seed"": 51, ""qualified_count"": 77, ""pair_denominator"": 3570, ""discordant_pair_count"": 616, ""pair_discordance_rate"": 0.17254901960784313}, {""seed"": 52, ""qualified_count"": 85, ""pair_denominator"": 3570, ""discordant_pair_count"": 0, ""pair_discordance_rate"": 0.0}, {""seed"": 53, ""qualified_count"": 82, ""pair_denominator"": 3570, ""discordant_pair_count"": 246, ""pair_discordance_rate"": 0.06890756302521009}, {""seed"": 54, ""qualified_count"": 82, ""pair_denominator"": 3570, ""discordant_pair_count"": 246, ""pair_discordance_rate"": 0.06890756302521009}, {""seed"": 55, ""qualified_count"": 83, ""pair_denominator"": 3570, ""discordant_pair_count"": 166, ""pair_discordance_rate"": 0.04649859943977591}, {""seed"": 56, ""qualified_count"": 77, ""pair_denominator"": 3570, ""discordant_pair_count"": 616, ""pair_discordance_rate"": 0.17254901960784313}]",14,0.93333333333333335,1,0.066666666666666666,0,0,0,0.035014005602240897,0.0907563025210084,0.18207282913165268,0.27843137254901962
CTGAN,LR_L2,0.025000000000000001,15,85,53550,6522,0.12179271708683473,"[{""seed"": 42, ""qualified_count"": 0, ""pair_denominator"": 3570, ""discordant_pair_count"": 0, ""pair_discordance_rate"": 0.0}, {""seed"": 43, ""qualified_count"": 10, ""pair_denominator"": 3570, ""discordant_pair_count"": 750, ""pair_discordance_rate"": 0.21008403361344538}, {""seed"": 44, ""qualified_count"": 0, ""pair_denominator"": 3570, ""discordant_pair_count"": 0, ""pair_discordance_rate"": 0.0}, {""seed"": 45, ""qualified_count"": 9, ""pair_denominator"": 3570, ""discordant_pair_count"": 684, ""pair_discordance_rate"": 0.1915966386554622}, {""seed"": 46, ""qualified_count"": 5, ""pair_denominator"": 3570, ""discordant_pair_count"": 400, ""pair_discordance_rate"": 0.11204481792717087}, {""seed"": 47, ""qualified_count"": 10, ""pair_denominator"": 3570, ""discordant_pair_count"": 750, ""pair_discordance_rate"": 0.21008403361344538}, {""seed"": 48, ""qualified_count"": 5, ""pair_denominator"": 3570, ""discordant_pair_count"": 400, ""pair_discordance_rate"": 0.11204481792717087}, {""seed"": 49, ""qualified_count"": 2, ""pair_denominator"": 3570, ""discordant_pair_count"": 166, ""pair_discordance_rate"": 0.04649859943977591}, {""seed"": 50, ""qualified_count"": 2, ""pair_denominator"": 3570, ""discordant_pair_count"": 166, ""pair_discordance_rate"": 0.04649859943977591}, {""seed"": 51, ""qualified_count"": 13, ""pair_denominator"": 3570, ""discordant_pair_count"": 936, ""pair_discordance_rate"": 0.26218487394957984}, {""seed"": 52, ""qualified_count"": 6, ""pair_denominator"": 3570, ""discordant_pair_count"": 474, ""pair_discordance_rate"": 0.13277310924369748}, {""seed"": 53, ""qualified_count"": 5, ""pair_denominator"": 3570, ""discordant_pair_count"": 400, ""pair_discordance_rate"": 0.11204481792717087}, {""seed"": 54, ""qualified_count"": 5, ""pair_denominator"": 3570, ""discordant_pair_count"": 400, ""pair_discordance_rate"": 0.11204481792717087}, {""seed"": 55, ""qualified_count"": 10, ""pair_denominator"": 3570, ""discordant_pair_count"": 750, ""pair_discordance_rate"": 0.21008403361344538}, {""seed"": 56, ""qualified_count"": 3, ""pair_denominator"": 3570, ""discordant_pair_count"": 246, ""pair_discordance_rate"": 0.06890756302521009}]",13,0.8666666666666667,0,0,2,0.13333333333333333,0,0.057703081232493,0.11204481792717087,0.20084033613445379,0.26218487394957984
CTGAN,LR_L2,0.050000000000000003,15,85,53550,12432,0.23215686274509803,"[{""seed"": 42, ""qualified_count"": 6, ""pair_denominator"": 3570, ""discordant_pair_count"": 474, ""pair_discordance_rate"": 0.13277310924369748}, {""seed"": 43, ""qualified_count"": 22, ""pair_denominator"": 3570, ""discordant_pair_count"": 1386, ""pair_discordance_rate"": 0.38823529411764707}, {""seed"": 44, ""qualified_count"": 1, ""pair_denominator"": 3570, ""discordant_pair_count"": 84, ""pair_discordance_rate"": 0.023529411764705882}, {""seed"": 45, ""qualified_count"": 16, ""pair_denominator"": 3570, ""discordant_pair_count"": 1104, ""pair_discordance_rate"": 0.3092436974789916}, {""seed"": 46, ""qualified_count"": 8, ""pair_denominator"": 3570, ""discordant_pair_count"": 616, ""pair_discordance_rate"": 0.17254901960784313}, {""seed"": 47, ""qualified_count"": 17, ""pair_denominator"": 3570, ""discordant_pair_count"": 1156, ""pair_discordance_rate"": 0.3238095238095238}, {""seed"": 48, ""qualified_count"": 13, ""pair_denominator"": 3570, ""discordant_pair_count"": 936, ""pair_discordance_rate"": 0.26218487394957984}, {""seed"": 49, ""qualified_count"": 5, ""pair_denominator"": 3570, ""discordant_pair_count"": 400, ""pair_discordance_rate"": 0.11204481792717087}, {""seed"": 50, ""qualified_count"": 8, ""pair_denominator"": 3570, ""discordant_pair_count"": 616, ""pair_discordance_rate"": 0.17254901960784313}, {""seed"": 51, ""qualified_count"": 24, ""pair_denominator"": 3570, ""discordant_pair_count"": 1464, ""pair_discordance_rate"": 0.41008403361344536}, {""seed"": 52, ""qualified_count"": 8, ""pair_denominator"": 3570, ""discordant_pair_count"": 616, ""pair_discordance_rate"": 0.17254901960784313}, {""seed"": 53, ""qualified_count"": 12, ""pair_denominator"": 3570, ""discordant_pair_count"": 876, ""pair_discordance_rate"": 0.2453781512605042}, {""seed"": 54, ""qualified_count"": 11, ""pair_denominator"": 3570, ""discordant_pair_count"": 814, ""pair_discordance_rate"": 0.2280112044817927}, {""seed"": 55, ""qualified_count"": 18, ""pair_denominator"": 3570, ""discordant_pair_count"": 1206, ""pair_discordance_rate"": 0.3378151260504202}, {""seed"": 56, ""qualified_count"": 9, ""pair_denominator"": 3570, ""discordant_pair_count"": 684, ""pair_discordance_rate"": 0.1915966386554622}]",15,1,0,0,0,0,0.023529411764705882,0.17254901960784313,0.22801120448179271,0.31652661064425769,0.41008403361344536
CTGAN,LR_L2,0.10000000000000001,15,85,53550,23938,0.44702147525676938,"[{""seed"": 42, ""qualified_count"": 28, ""pair_denominator"": 3570, ""discordant_pair_count"": 1596, ""pair_discordance_rate"": 0.4470588235294118}, {""seed"": 43, ""qualified_count"": 56, ""pair_denominator"": 3570, ""discordant_pair_count"": 1624, ""pair_discordance_rate"": 0.4549019607843137}, {""seed"": 44, ""qualified_count"": 12, ""pair_denominator"": 3570, ""discordant_pair_count"": 876, ""pair_discordance_rate"": 0.2453781512605042}, {""seed"": 45, ""qualified_count"": 61, ""pair_denominator"": 3570, ""discordant_pair_count"": 1464, ""pair_discordance_rate"": 0.41008403361344536}, {""seed"": 46, ""qualified_count"": 49, ""pair_denominator"": 3570, ""discordant_pair_count"": 1764, ""pair_discordance_rate"": 0.49411764705882355}, {""seed"": 47, ""qualified_count"": 54, ""pair_denominator"": 3570, ""discordant_pair_count"": 1674, ""pair_discordance_rate"": 0.4689075630252101}, {""seed"": 48, ""qualified_count"": 52, ""pair_denominator"": 3570, ""discordant_pair_count"": 1716, ""pair_discordance_rate"": 0.48067226890756304}, {""seed"": 49, ""qualified_count"": 28, ""pair_denominator"": 3570, ""discordant_pair_count"": 1596, ""pair_discordance_rate"": 0.4470588235294118}, {""seed"": 50, ""qualified_count"": 25, ""pair_denominator"": 3570, ""discordant_pair_count"": 1500, ""pair_discordance_rate"": 0.42016806722689076}, {""seed"": 51, ""qualified_count"": 62, ""pair_denominator"": 3570, ""discordant_pair_count"": 1426, ""pair_discordance_rate"": 0.39943977591036417}, {""seed"": 52, ""qualified_count"": 38, ""pair_denominator"": 3570, ""discordant_pair_count"": 1786, ""pair_discordance_rate"": 0.5002801120448179}, {""seed"": 53, ""qualified_count"": 40, ""pair_denominator"": 3570, ""discordant_pair_count"": 1800, ""pair_discordance_rate"": 0.5042016806722689}, {""seed"": 54, ""qualified_count"": 30, ""pair_denominator"": 3570, ""discordant_pair_count"": 1650, ""pair_discordance_rate"": 0.46218487394957986}, {""seed"": 55, ""qualified_count"": 50, ""pair_denominator"": 3570, ""discordant_pair_count"": 1750, ""pair_discordance_rate"": 0.49019607843137253}, {""seed"": 56, ""qualified_count"": 33, ""pair_denominator"": 3570, ""discordant_pair_count"": 1716, ""pair_discordance_rate"": 0.48067226890756304}]",15,1,0,0,0,0,0.24537815126050419,0.43361344537815127,0.46218487394957986,0.48543417366946778,0.50420168067226889
CTGAN,LR_L2,0.20000000000000001,15,85,53550,4916,0.09180205415499533,"[{""seed"": 42, ""qualified_count"": 80, ""pair_denominator"": 3570, ""discordant_pair_count"": 400, ""pair_discordance_rate"": 0.11204481792717087}, {""seed"": 43, ""qualified_count"": 83, ""pair_denominator"": 3570, ""discordant_pair_count"": 166, ""pair_discordance_rate"": 0.04649859943977591}, {""seed"": 44, ""qualified_count"": 53, ""pair_denominator"": 3570, ""discordant_pair_count"": 1696, ""pair_discordance_rate"": 0.47507002801120446}, {""seed"": 45, ""qualified_count"": 85, ""pair_denominator"": 3570, ""discordant_pair_count"": 0, ""pair_discordance_rate"": 0.0}, {""seed"": 46, ""qualified_count"": 82, ""pair_denominator"": 3570, ""discordant_pair_count"": 246, ""pair_discordance_rate"": 0.06890756302521009}, {""seed"": 47, ""qualified_count"": 83, ""pair_denominator"": 3570, ""discordant_pair_count"": 166, ""pair_discordance_rate"": 0.04649859943977591}, {""seed"": 48, ""qualified_count"": 84, ""pair_denominator"": 3570, ""discordant_pair_count"": 84, ""pair_discordance_rate"": 0.023529411764705882}, {""seed"": 49, ""qualified_count"": 80, ""pair_denominator"": 3570, ""discordant_pair_count"": 400, ""pair_discordance_rate"": 0.11204481792717087}, {""seed"": 50, ""qualified_count"": 78, ""pair_denominator"": 3570, ""discordant_pair_count"": 546, ""pair_discordance_rate"": 0.15294117647058825}, {""seed"": 51, ""qualified_count"": 85, ""pair_denominator"": 3570, ""discordant_pair_count"": 0, ""pair_discordance_rate"": 0.0}, {""seed"": 52, ""qualified_count"": 81, ""pair_denominator"": 3570, ""discordant_pair_count"": 324, ""pair_discordance_rate"": 0.0907563025210084}, {""seed"": 53, ""qualified_count"": 84, ""pair_denominator"": 3570, ""discordant_pair_count"": 84, ""pair_discordance_rate"": 0.023529411764705882}, {""seed"": 54, ""qualified_count"": 82, ""pair_denominator"": 3570, ""discordant_pair_count"": 246, ""pair_discordance_rate"": 0.06890756302521009}, {""seed"": 55, ""qualified_count"": 84, ""pair_denominator"": 3570, ""discordant_pair_count"": 84, ""pair_discordance_rate"": 0.023529411764705882}, {""seed"": 56, ""qualified_count"": 79, ""pair_denominator"": 3570, ""discordant_pair_count"": 474, ""pair_discordance_rate"": 0.13277310924369748}]",13,0.8666666666666667,2,0.13333333333333333,0,0,0,0.023529411764705882,0.068907563025210089,0.11204481792717087,0.47507002801120446
CTGAN,XGBoost,0.025000000000000001,15,85,53550,2374,0.04433239962651727,"[{""seed"": 42, ""qualified_count"": 0, ""pair_denominator"": 3570, ""discordant_pair_count"": 0, ""pair_discordance_rate"": 0.0}, {""seed"": 43, ""qualified_count"": 2, ""pair_denominator"": 3570, ""discordant_pair_count"": 166, ""pair_discordance_rate"": 0.04649859943977591}, {""seed"": 44, ""qualified_count"": 0, ""pair_denominator"": 3570, ""discordant_pair_count"": 0, ""pair_discordance_rate"": 0.0}, {""seed"": 45, ""qualified_count"": 3, ""pair_denominator"": 3570, ""discordant_pair_count"": 246, ""pair_discordance_rate"": 0.06890756302521009}, {""seed"": 46, ""qualified_count"": 2, ""pair_denominator"": 3570, ""discordant_pair_count"": 166, ""pair_discordance_rate"": 0.04649859943977591}, {""seed"": 47, ""qualified_count"": 4, ""pair_denominator"": 3570, ""discordant_pair_count"": 324, ""pair_discordance_rate"": 0.0907563025210084}, {""seed"": 48, ""qualified_count"": 1, ""pair_denominator"": 3570, ""discordant_pair_count"": 84, ""pair_discordance_rate"": 0.023529411764705882}, {""seed"": 49, ""qualified_count"": 2, ""pair_denominator"": 3570, ""discordant_pair_count"": 166, ""pair_discordance_rate"": 0.04649859943977591}, {""seed"": 50, ""qualified_count"": 1, ""pair_denominator"": 3570, ""discordant_pair_count"": 84, ""pair_discordance_rate"": 0.023529411764705882}, {""seed"": 51, ""qualified_count"": 3, ""pair_denominator"": 3570, ""discordant_pair_count"": 246, ""pair_discordance_rate"": 0.06890756302521009}, {""seed"": 52, ""qualified_count"": 1, ""pair_denominator"": 3570, ""discordant_pair_count"": 84, ""pair_discordance_rate"": 0.023529411764705882}, {""seed"": 53, ""qualified_count"": 1, ""pair_denominator"": 3570, ""discordant_pair_count"": 84, ""pair_discordance_rate"": 0.023529411764705882}, {""seed"": 54, ""qualified_count"": 0, ""pair_denominator"": 3570, ""discordant_pair_count"": 0, ""pair_discordance_rate"": 0.0}, {""seed"": 55, ""qualified_count"": 5, ""pair_denominator"": 3570, ""discordant_pair_count"": 400, ""pair_discordance_rate"": 0.11204481792717087}, {""seed"": 56, ""qualified_count"": 4, ""pair_denominator"": 3570, ""discordant_pair_count"": 324, ""pair_discordance_rate"": 0.0907563025210084}]",12,0.80000000000000004,0,0,3,0.20000000000000001,0,0.023529411764705882,0.046498599439775912,0.068907563025210089,0.11204481792717087
CTGAN,XGBoost,0.050000000000000003,15,85,53550,8180,0.1527544351073763,"[{""seed"": 42, ""qualified_count"": 2, ""pair_denominator"": 3570, ""discordant_pair_count"": 166, ""pair_discordance_rate"": 0.04649859943977591}, {""seed"": 43, ""qualified_count"": 16, ""pair_denominator"": 3570, ""discordant_pair_count"": 1104, ""pair_discordance_rate"": 0.3092436974789916}, {""seed"": 44, ""qualified_count"": 0, ""pair_denominator"": 3570, ""discordant_pair_count"": 0, ""pair_discordance_rate"": 0.0}, {""seed"": 45, ""qualified_count"": 17, ""pair_denominator"": 3570, ""discordant_pair_count"": 1156, ""pair_discordance_rate"": 0.3238095238095238}, {""seed"": 46, ""qualified_count"": 7, ""pair_denominator"": 3570, ""discordant_pair_count"": 546, ""pair_discordance_rate"": 0.15294117647058825}, {""seed"": 47, ""qualified_count"": 10, ""pair_denominator"": 3570, ""discordant_pair_count"": 750, ""pair_discordance_rate"": 0.21008403361344538}, {""seed"": 48, ""qualified_count"": 1, ""pair_denominator"": 3570, ""discordant_pair_count"": 84, ""pair_discordance_rate"": 0.023529411764705882}, {""seed"": 49, ""qualified_count"": 5, ""pair_denominator"": 3570, ""discordant_pair_count"": 400, ""pair_discordance_rate"": 0.11204481792717087}, {""seed"": 50, ""qualified_count"": 3, ""pair_denominator"": 3570, ""discordant_pair_count"": 246, ""pair_discordance_rate"": 0.06890756302521009}, {""seed"": 51, ""qualified_count"": 14, ""pair_denominator"": 3570, ""discordant_pair_count"": 994, ""pair_discordance_rate"": 0.2784313725490196}, {""seed"": 52, ""qualified_count"": 6, ""pair_denominator"": 3570, ""discordant_pair_count"": 474, ""pair_discordance_rate"": 0.13277310924369748}, {""seed"": 53, ""qualified_count"": 6, ""pair_denominator"": 3570, ""discordant_pair_count"": 474, ""pair_discordance_rate"": 0.13277310924369748}, {""seed"": 54, ""qualified_count"": 2, ""pair_denominator"": 3570, ""discordant_pair_count"": 166, ""pair_discordance_rate"": 0.04649859943977591}, {""seed"": 55, ""qualified_count"": 9, ""pair_denominator"": 3570, ""discordant_pair_count"": 684, ""pair_discordance_rate"": 0.1915966386554622}, {""seed"": 56, ""qualified_count"": 13, ""pair_denominator"": 3570, ""discordant_pair_count"": 936, ""pair_discordance_rate"": 0.26218487394957984}]",14,0.93333333333333335,0,0,1,0.066666666666666666,0,0.057703081232493,0.13277310924369748,0.2361344537815126,0.32380952380952382
CTGAN,XGBoost,0.10000000000000001,15,85,53550,23940,0.44705882352941179,"[{""seed"": 42, ""qualified_count"": 37, ""pair_denominator"": 3570, ""discordant_pair_count"": 1776, ""pair_discordance_rate"": 0.49747899159663866}, {""seed"": 43, ""qualified_count"": 63, ""pair_denominator"": 3570, ""discordant_pair_count"": 1386, ""pair_discordance_rate"": 0.38823529411764707}, {""seed"": 44, ""qualified_count"": 10, ""pair_denominator"": 3570, ""discordant_pair_count"": 750, ""pair_discordance_rate"": 0.21008403361344538}, {""seed"": 45, ""qualified_count"": 64, ""pair_denominator"": 3570, ""discordant_pair_count"": 1344, ""pair_discordance_rate"": 0.3764705882352941}, {""seed"": 46, ""qualified_count"": 40, ""pair_denominator"": 3570, ""discordant_pair_count"": 1800, ""pair_discordance_rate"": 0.5042016806722689}, {""seed"": 47, ""qualified_count"": 47, ""pair_denominator"": 3570, ""discordant_pair_count"": 1786, ""pair_discordance_rate"": 0.5002801120448179}, {""seed"": 48, ""qualified_count"": 28, ""pair_denominator"": 3570, ""discordant_pair_count"": 1596, ""pair_discordance_rate"": 0.4470588235294118}, {""seed"": 49, ""qualified_count"": 42, ""pair_denominator"": 3570, ""discordant_pair_count"": 1806, ""pair_discordance_rate"": 0.5058823529411764}, {""seed"": 50, ""qualified_count"": 18, ""pair_denominator"": 3570, ""discordant_pair_count"": 1206, ""pair_discordance_rate"": 0.3378151260504202}, {""seed"": 51, ""qualified_count"": 50, ""pair_denominator"": 3570, ""discordant_pair_count"": 1750, ""pair_discordance_rate"": 0.49019607843137253}, {""seed"": 52, ""qualified_count"": 34, ""pair_denominator"": 3570, ""discordant_pair_count"": 1734, ""pair_discordance_rate"": 0.4857142857142857}, {""seed"": 53, ""qualified_count"": 45, ""pair_denominator"": 3570, ""discordant_pair_count"": 1800, ""pair_discordance_rate"": 0.5042016806722689}, {""seed"": 54, ""qualified_count"": 32, ""pair_denominator"": 3570, ""discordant_pair_count"": 1696, ""pair_discordance_rate"": 0.47507002801120446}, {""seed"": 55, ""qualified_count"": 48, ""pair_denominator"": 3570, ""discordant_pair_count"": 1776, ""pair_discordance_rate"": 0.49747899159663866}, {""seed"": 56, ""qualified_count"": 51, ""pair_denominator"": 3570, ""discordant_pair_count"": 1734, ""pair_discordance_rate"": 0.4857142857142857}]",15,1,0,0,0,0,0.21008403361344538,0.41764705882352943,0.48571428571428571,0.4988795518207283,0.50588235294117645
CTGAN,XGBoost,0.20000000000000001,15,85,53550,3922,0.073239962651727358,"[{""seed"": 42, ""qualified_count"": 83, ""pair_denominator"": 3570, ""discordant_pair_count"": 166, ""pair_discordance_rate"": 0.04649859943977591}, {""seed"": 43, ""qualified_count"": 85, ""pair_denominator"": 3570, ""discordant_pair_count"": 0, ""pair_discordance_rate"": 0.0}, {""seed"": 44, ""qualified_count"": 69, ""pair_denominator"": 3570, ""discordant_pair_count"": 1104, ""pair_discordance_rate"": 0.3092436974789916}, {""seed"": 45, ""qualified_count"": 85, ""pair_denominator"": 3570, ""discordant_pair_count"": 0, ""pair_discordance_rate"": 0.0}, {""seed"": 46, ""qualified_count"": 83, ""pair_denominator"": 3570, ""discordant_pair_count"": 166, ""pair_discordance_rate"": 0.04649859943977591}, {""seed"": 47, ""qualified_count"": 84, ""pair_denominator"": 3570, ""discordant_pair_count"": 84, ""pair_discordance_rate"": 0.023529411764705882}, {""seed"": 48, ""qualified_count"": 78, ""pair_denominator"": 3570, ""discordant_pair_count"": 546, ""pair_discordance_rate"": 0.15294117647058825}, {""seed"": 49, ""qualified_count"": 83, ""pair_denominator"": 3570, ""discordant_pair_count"": 166, ""pair_discordance_rate"": 0.04649859943977591}, {""seed"": 50, ""qualified_count"": 78, ""pair_denominator"": 3570, ""discordant_pair_count"": 546, ""pair_discordance_rate"": 0.15294117647058825}, {""seed"": 51, ""qualified_count"": 84, ""pair_denominator"": 3570, ""discordant_pair_count"": 84, ""pair_discordance_rate"": 0.023529411764705882}, {""seed"": 52, ""qualified_count"": 80, ""pair_denominator"": 3570, ""discordant_pair_count"": 400, ""pair_discordance_rate"": 0.11204481792717087}, {""seed"": 53, ""qualified_count"": 82, ""pair_denominator"": 3570, ""discordant_pair_count"": 246, ""pair_discordance_rate"": 0.06890756302521009}, {""seed"": 54, ""qualified_count"": 82, ""pair_denominator"": 3570, ""discordant_pair_count"": 246, ""pair_discordance_rate"": 0.06890756302521009}, {""seed"": 55, ""qualified_count"": 84, ""pair_denominator"": 3570, ""discordant_pair_count"": 84, ""pair_discordance_rate"": 0.023529411764705882}, {""seed"": 56, ""qualified_count"": 84, ""pair_denominator"": 3570, ""discordant_pair_count"": 84, ""pair_discordance_rate"": 0.023529411764705882}]",13,0.8666666666666667,2,0.13333333333333333,0,0,0,0.023529411764705882,0.046498599439775912,0.090476190476190488,0.30924369747899161
TabDDPM,LR_L2,0.025000000000000001,14,85,49980,1546,0.030932372949179672,"[{""seed"": 42, ""qualified_count"": 2, ""pair_denominator"": 3570, ""discordant_pair_count"": 166, ""pair_discordance_rate"": 0.04649859943977591}, {""seed"": 43, ""qualified_count"": 0, ""pair_denominator"": 3570, ""discordant_pair_count"": 0, ""pair_discordance_rate"": 0.0}, {""seed"": 45, ""qualified_count"": 1, ""pair_denominator"": 3570, ""discordant_pair_count"": 84, ""pair_discordance_rate"": 0.023529411764705882}, {""seed"": 46, ""qualified_count"": 0, ""pair_denominator"": 3570, ""discordant_pair_count"": 0, ""pair_discordance_rate"": 0.0}, {""seed"": 47, ""qualified_count"": 0, ""pair_denominator"": 3570, ""discordant_pair_count"": 0, ""pair_discordance_rate"": 0.0}, {""seed"": 48, ""qualified_count"": 15, ""pair_denominator"": 3570, ""discordant_pair_count"": 1050, ""pair_discordance_rate"": 0.29411764705882354}, {""seed"": 49, ""qualified_count"": 0, ""pair_denominator"": 3570, ""discordant_pair_count"": 0, ""pair_discordance_rate"": 0.0}, {""seed"": 50, ""qualified_count"": 3, ""pair_denominator"": 3570, ""discordant_pair_count"": 246, ""pair_discordance_rate"": 0.06890756302521009}, {""seed"": 51, ""qualified_count"": 0, ""pair_denominator"": 3570, ""discordant_pair_count"": 0, ""pair_discordance_rate"": 0.0}, {""seed"": 52, ""qualified_count"": 0, ""pair_denominator"": 3570, ""discordant_pair_count"": 0, ""pair_discordance_rate"": 0.0}, {""seed"": 53, ""qualified_count"": 0, ""pair_denominator"": 3570, ""discordant_pair_count"": 0, ""pair_discordance_rate"": 0.0}, {""seed"": 54, ""qualified_count"": 0, ""pair_denominator"": 3570, ""discordant_pair_count"": 0, ""pair_discordance_rate"": 0.0}, {""seed"": 55, ""qualified_count"": 0, ""pair_denominator"": 3570, ""discordant_pair_count"": 0, ""pair_discordance_rate"": 0.0}, {""seed"": 56, ""qualified_count"": 0, ""pair_denominator"": 3570, ""discordant_pair_count"": 0, ""pair_discordance_rate"": 0.0}]",4,0.2857142857142857,0,0,10,0.7142857142857143,0,0,0,0.017647058823529412,0.29411764705882354
TabDDPM,LR_L2,0.050000000000000003,14,85,49980,2682,0.053661464585834331,"[{""seed"": 42, ""qualified_count"": 2, ""pair_denominator"": 3570, ""discordant_pair_count"": 166, ""pair_discordance_rate"": 0.04649859943977591}, {""seed"": 43, ""qualified_count"": 0, ""pair_denominator"": 3570, ""discordant_pair_count"": 0, ""pair_discordance_rate"": 0.0}, {""seed"": 45, ""qualified_count"": 3, ""pair_denominator"": 3570, ""discordant_pair_count"": 246, ""pair_discordance_rate"": 0.06890756302521009}, {""seed"": 46, ""qualified_count"": 0, ""pair_denominator"": 3570, ""discordant_pair_count"": 0, ""pair_discordance_rate"": 0.0}, {""seed"": 47, ""qualified_count"": 0, ""pair_denominator"": 3570, ""discordant_pair_count"": 0, ""pair_discordance_rate"": 0.0}, {""seed"": 48, ""qualified_count"": 32, ""pair_denominator"": 3570, ""discordant_pair_count"": 1696, ""pair_discordance_rate"": 0.47507002801120446}, {""seed"": 49, ""qualified_count"": 0, ""pair_denominator"": 3570, ""discordant_pair_count"": 0, ""pair_discordance_rate"": 0.0}, {""seed"": 50, ""qualified_count"": 4, ""pair_denominator"": 3570, ""discordant_pair_count"": 324, ""pair_discordance_rate"": 0.0907563025210084}, {""seed"": 51, ""qualified_count"": 0, ""pair_denominator"": 3570, ""discordant_pair_count"": 0, ""pair_discordance_rate"": 0.0}, {""seed"": 52, ""qualified_count"": 0, ""pair_denominator"": 3570, ""discordant_pair_count"": 0, ""pair_discordance_rate"": 0.0}, {""seed"": 53, ""qualified_count"": 0, ""pair_denominator"": 3570, ""discordant_pair_count"": 0, ""pair_discordance_rate"": 0.0}, {""seed"": 54, ""qualified_count"": 1, ""pair_denominator"": 3570, ""discordant_pair_count"": 84, ""pair_discordance_rate"": 0.023529411764705882}, {""seed"": 55, ""qualified_count"": 2, ""pair_denominator"": 3570, ""discordant_pair_count"": 166, ""pair_discordance_rate"": 0.04649859943977591}, {""seed"": 56, ""qualified_count"": 0, ""pair_denominator"": 3570, ""discordant_pair_count"": 0, ""pair_discordance_rate"": 0.0}]",6,0.42857142857142855,0,0,8,0.5714285714285714,0,0,0,0.046498599439775912,0.47507002801120446
TabDDPM,LR_L2,0.10000000000000001,14,85,49980,6298,0.12601040416166467,"[{""seed"": 42, ""qualified_count"": 15, ""pair_denominator"": 3570, ""discordant_pair_count"": 1050, ""pair_discordance_rate"": 0.29411764705882354}, {""seed"": 43, ""qualified_count"": 0, ""pair_denominator"": 3570, ""discordant_pair_count"": 0, ""pair_discordance_rate"": 0.0}, {""seed"": 45, ""qualified_count"": 5, ""pair_denominator"": 3570, ""discordant_pair_count"": 400, ""pair_discordance_rate"": 0.11204481792717087}, {""seed"": 46, ""qualified_count"": 4, ""pair_denominator"": 3570, ""discordant_pair_count"": 324, ""pair_discordance_rate"": 0.0907563025210084}, {""seed"": 47, ""qualified_count"": 2, ""pair_denominator"": 3570, ""discordant_pair_count"": 166, ""pair_discordance_rate"": 0.04649859943977591}, {""seed"": 48, ""qualified_count"": 70, ""pair_denominator"": 3570, ""discordant_pair_count"": 1050, ""pair_discordance_rate"": 0.29411764705882354}, {""seed"": 49, ""qualified_count"": 0, ""pair_denominator"": 3570, ""discordant_pair_count"": 0, ""pair_discordance_rate"": 0.0}, {""seed"": 50, ""qualified_count"": 23, ""pair_denominator"": 3570, ""discordant_pair_count"": 1426, ""pair_discordance_rate"": 0.39943977591036417}, {""seed"": 51, ""qualified_count"": 0, ""pair_denominator"": 3570, ""discordant_pair_count"": 0, ""pair_discordance_rate"": 0.0}, {""seed"": 52, ""qualified_count"": 9, ""pair_denominator"": 3570, ""discordant_pair_count"": 684, ""pair_discordance_rate"": 0.1915966386554622}, {""seed"": 53, ""qualified_count"": 0, ""pair_denominator"": 3570, ""discordant_pair_count"": 0, ""pair_discordance_rate"": 0.0}, {""seed"": 54, ""qualified_count"": 4, ""pair_denominator"": 3570, ""discordant_pair_count"": 324, ""pair_discordance_rate"": 0.0907563025210084}, {""seed"": 55, ""qualified_count"": 6, ""pair_denominator"": 3570, ""discordant_pair_count"": 474, ""pair_discordance_rate"": 0.13277310924369748}, {""seed"": 56, ""qualified_count"": 5, ""pair_denominator"": 3570, ""discordant_pair_count"": 400, ""pair_discordance_rate"": 0.11204481792717087}]",10,0.7142857142857143,0,0,4,0.2857142857142857,0,0.011624649859943978,0.10140056022408964,0.17689075630252102,0.39943977591036417
TabDDPM,LR_L2,0.20000000000000001,14,85,49980,13698,0.27406962785114047,"[{""seed"": 42, ""qualified_count"": 78, ""pair_denominator"": 3570, ""discordant_pair_count"": 546, ""pair_discordance_rate"": 0.15294117647058825}, {""seed"": 43, ""qualified_count"": 6, ""pair_denominator"": 3570, ""discordant_pair_count"": 474, ""pair_discordance_rate"": 0.13277310924369748}, {""seed"": 45, ""qualified_count"": 58, ""pair_denominator"": 3570, ""discordant_pair_count"": 1566, ""pair_discordance_rate"": 0.43865546218487395}, {""seed"": 46, ""qualified_count"": 40, ""pair_denominator"": 3570, ""discordant_pair_count"": 1800, ""pair_discordance_rate"": 0.5042016806722689}, {""seed"": 47, ""qualified_count"": 23, ""pair_denominator"": 3570, ""discordant_pair_count"": 1426, ""pair_discordance_rate"": 0.39943977591036417}, {""seed"": 48, ""qualified_count"": 85, ""pair_denominator"": 3570, ""discordant_pair_count"": 0, ""pair_discordance_rate"": 0.0}, {""seed"": 49, ""qualified_count"": 2, ""pair_denominator"": 3570, ""discordant_pair_count"": 166, ""pair_discordance_rate"": 0.04649859943977591}, {""seed"": 50, ""qualified_count"": 81, ""pair_denominator"": 3570, ""discordant_pair_count"": 324, ""pair_discordance_rate"": 0.0907563025210084}, {""seed"": 51, ""qualified_count"": 2, ""pair_denominator"": 3570, ""discordant_pair_count"": 166, ""pair_discordance_rate"": 0.04649859943977591}, {""seed"": 52, ""qualified_count"": 47, ""pair_denominator"": 3570, ""discordant_pair_count"": 1786, ""pair_discordance_rate"": 0.5002801120448179}, {""seed"": 53, ""qualified_count"": 2, ""pair_denominator"": 3570, ""discordant_pair_count"": 166, ""pair_discordance_rate"": 0.04649859943977591}, {""seed"": 54, ""qualified_count"": 46, ""pair_denominator"": 3570, ""discordant_pair_count"": 1794, ""pair_discordance_rate"": 0.5025210084033613}, {""seed"": 55, ""qualified_count"": 50, ""pair_denominator"": 3570, ""discordant_pair_count"": 1750, ""pair_discordance_rate"": 0.49019607843137253}, {""seed"": 56, ""qualified_count"": 34, ""pair_denominator"": 3570, ""discordant_pair_count"": 1734, ""pair_discordance_rate"": 0.4857142857142857}]",13,0.9285714285714286,1,0.071428571428571425,0,0,0,0.057563025210084037,0.27619047619047621,0.48907563025210082,0.50420168067226889
TabDDPM,XGBoost,0.025000000000000001,14,85,49980,498,0.0099639855942376954,"[{""seed"": 42, ""qualified_count"": 3, ""pair_denominator"": 3570, ""discordant_pair_count"": 246, ""pair_discordance_rate"": 0.06890756302521009}, {""seed"": 43, ""qualified_count"": 1, ""pair_denominator"": 3570, ""discordant_pair_count"": 84, ""pair_discordance_rate"": 0.023529411764705882}, {""seed"": 45, ""qualified_count"": 0, ""pair_denominator"": 3570, ""discordant_pair_count"": 0, ""pair_discordance_rate"": 0.0}, {""seed"": 46, ""qualified_count"": 0, ""pair_denominator"": 3570, ""discordant_pair_count"": 0, ""pair_discordance_rate"": 0.0}, {""seed"": 47, ""qualified_count"": 0, ""pair_denominator"": 3570, ""discordant_pair_count"": 0, ""pair_discordance_rate"": 0.0}, {""seed"": 48, ""qualified_count"": 0, ""pair_denominator"": 3570, ""discordant_pair_count"": 0, ""pair_discordance_rate"": 0.0}, {""seed"": 49, ""qualified_count"": 0, ""pair_denominator"": 3570, ""discordant_pair_count"": 0, ""pair_discordance_rate"": 0.0}, {""seed"": 50, ""qualified_count"": 1, ""pair_denominator"": 3570, ""discordant_pair_count"": 84, ""pair_discordance_rate"": 0.023529411764705882}, {""seed"": 51, ""qualified_count"": 0, ""pair_denominator"": 3570, ""discordant_pair_count"": 0, ""pair_discordance_rate"": 0.0}, {""seed"": 52, ""qualified_count"": 0, ""pair_denominator"": 3570, ""discordant_pair_count"": 0, ""pair_discordance_rate"": 0.0}, {""seed"": 53, ""qualified_count"": 0, ""pair_denominator"": 3570, ""discordant_pair_count"": 0, ""pair_discordance_rate"": 0.0}, {""seed"": 54, ""qualified_count"": 0, ""pair_denominator"": 3570, ""discordant_pair_count"": 0, ""pair_discordance_rate"": 0.0}, {""seed"": 55, ""qualified_count"": 1, ""pair_denominator"": 3570, ""discordant_pair_count"": 84, ""pair_discordance_rate"": 0.023529411764705882}, {""seed"": 56, ""qualified_count"": 0, ""pair_denominator"": 3570, ""discordant_pair_count"": 0, ""pair_discordance_rate"": 0.0}]",4,0.2857142857142857,0,0,10,0.7142857142857143,0,0,0,0.017647058823529412,0.068907563025210089
TabDDPM,XGBoost,0.050000000000000003,14,85,49980,734,0.014685874349739897,"[{""seed"": 42, ""qualified_count"": 5, ""pair_denominator"": 3570, ""discordant_pair_count"": 400, ""pair_discordance_rate"": 0.11204481792717087}, {""seed"": 43, ""qualified_count"": 2, ""pair_denominator"": 3570, ""discordant_pair_count"": 166, ""pair_discordance_rate"": 0.04649859943977591}, {""seed"": 45, ""qualified_count"": 0, ""pair_denominator"": 3570, ""discordant_pair_count"": 0, ""pair_discordance_rate"": 0.0}, {""seed"": 46, ""qualified_count"": 0, ""pair_denominator"": 3570, ""discordant_pair_count"": 0, ""pair_discordance_rate"": 0.0}, {""seed"": 47, ""qualified_count"": 0, ""pair_denominator"": 3570, ""discordant_pair_count"": 0, ""pair_discordance_rate"": 0.0}, {""seed"": 48, ""qualified_count"": 0, ""pair_denominator"": 3570, ""discordant_pair_count"": 0, ""pair_discordance_rate"": 0.0}, {""seed"": 49, ""qualified_count"": 0, ""pair_denominator"": 3570, ""discordant_pair_count"": 0, ""pair_discordance_rate"": 0.0}, {""seed"": 50, ""qualified_count"": 1, ""pair_denominator"": 3570, ""discordant_pair_count"": 84, ""pair_discordance_rate"": 0.023529411764705882}, {""seed"": 51, ""qualified_count"": 0, ""pair_denominator"": 3570, ""discordant_pair_count"": 0, ""pair_discordance_rate"": 0.0}, {""seed"": 52, ""qualified_count"": 0, ""pair_denominator"": 3570, ""discordant_pair_count"": 0, ""pair_discordance_rate"": 0.0}, {""seed"": 53, ""qualified_count"": 0, ""pair_denominator"": 3570, ""discordant_pair_count"": 0, ""pair_discordance_rate"": 0.0}, {""seed"": 54, ""qualified_count"": 0, ""pair_denominator"": 3570, ""discordant_pair_count"": 0, ""pair_discordance_rate"": 0.0}, {""seed"": 55, ""qualified_count"": 1, ""pair_denominator"": 3570, ""discordant_pair_count"": 84, ""pair_discordance_rate"": 0.023529411764705882}, {""seed"": 56, ""qualified_count"": 0, ""pair_denominator"": 3570, ""discordant_pair_count"": 0, ""pair_discordance_rate"": 0.0}]",4,0.2857142857142857,0,0,10,0.7142857142857143,0,0,0,0.017647058823529412,0.11204481792717087
TabDDPM,XGBoost,0.10000000000000001,14,85,49980,2718,0.054381752701080435,"[{""seed"": 42, ""qualified_count"": 16, ""pair_denominator"": 3570, ""discordant_pair_count"": 1104, ""pair_discordance_rate"": 0.3092436974789916}, {""seed"": 43, ""qualified_count"": 5, ""pair_denominator"": 3570, ""discordant_pair_count"": 400, ""pair_discordance_rate"": 0.11204481792717087}, {""seed"": 45, ""qualified_count"": 0, ""pair_denominator"": 3570, ""discordant_pair_count"": 0, ""pair_discordance_rate"": 0.0}, {""seed"": 46, ""qualified_count"": 0, ""pair_denominator"": 3570, ""discordant_pair_count"": 0, ""pair_discordance_rate"": 0.0}, {""seed"": 47, ""qualified_count"": 0, ""pair_denominator"": 3570, ""discordant_pair_count"": 0, ""pair_discordance_rate"": 0.0}, {""seed"": 48, ""qualified_count"": 0, ""pair_denominator"": 3570, ""discordant_pair_count"": 0, ""pair_discordance_rate"": 0.0}, {""seed"": 49, ""qualified_count"": 1, ""pair_denominator"": 3570, ""discordant_pair_count"": 84, ""pair_discordance_rate"": 0.023529411764705882}, {""seed"": 50, ""qualified_count"": 2, ""pair_denominator"": 3570, ""discordant_pair_count"": 166, ""pair_discordance_rate"": 0.04649859943977591}, {""seed"": 51, ""qualified_count"": 0, ""pair_denominator"": 3570, ""discordant_pair_count"": 0, ""pair_discordance_rate"": 0.0}, {""seed"": 52, ""qualified_count"": 6, ""pair_denominator"": 3570, ""discordant_pair_count"": 474, ""pair_discordance_rate"": 0.13277310924369748}, {""seed"": 53, ""qualified_count"": 4, ""pair_denominator"": 3570, ""discordant_pair_count"": 324, ""pair_discordance_rate"": 0.0907563025210084}, {""seed"": 54, ""qualified_count"": 0, ""pair_denominator"": 3570, ""discordant_pair_count"": 0, ""pair_discordance_rate"": 0.0}, {""seed"": 55, ""qualified_count"": 2, ""pair_denominator"": 3570, ""discordant_pair_count"": 166, ""pair_discordance_rate"": 0.04649859943977591}, {""seed"": 56, ""qualified_count"": 0, ""pair_denominator"": 3570, ""discordant_pair_count"": 0, ""pair_discordance_rate"": 0.0}]",7,0.5,0,0,7,0.5,0,0,0.011764705882352941,0.079691876750700275,0.30924369747899161
TabDDPM,XGBoost,0.20000000000000001,14,85,49980,13620,0.27250900360144059,"[{""seed"": 42, ""qualified_count"": 69, ""pair_denominator"": 3570, ""discordant_pair_count"": 1104, ""pair_discordance_rate"": 0.3092436974789916}, {""seed"": 43, ""qualified_count"": 40, ""pair_denominator"": 3570, ""discordant_pair_count"": 1800, ""pair_discordance_rate"": 0.5042016806722689}, {""seed"": 45, ""qualified_count"": 8, ""pair_denominator"": 3570, ""discordant_pair_count"": 616, ""pair_discordance_rate"": 0.17254901960784313}, {""seed"": 46, ""qualified_count"": 1, ""pair_denominator"": 3570, ""discordant_pair_count"": 84, ""pair_discordance_rate"": 0.023529411764705882}, {""seed"": 47, ""qualified_count"": 9, ""pair_denominator"": 3570, ""discordant_pair_count"": 684, ""pair_discordance_rate"": 0.1915966386554622}, {""seed"": 48, ""qualified_count"": 8, ""pair_denominator"": 3570, ""discordant_pair_count"": 616, ""pair_discordance_rate"": 0.17254901960784313}, {""seed"": 49, ""qualified_count"": 21, ""pair_denominator"": 3570, ""discordant_pair_count"": 1344, ""pair_discordance_rate"": 0.3764705882352941}, {""seed"": 50, ""qualified_count"": 21, ""pair_denominator"": 3570, ""discordant_pair_count"": 1344, ""pair_discordance_rate"": 0.3764705882352941}, {""seed"": 51, ""qualified_count"": 3, ""pair_denominator"": 3570, ""discordant_pair_count"": 246, ""pair_discordance_rate"": 0.06890756302521009}, {""seed"": 52, ""qualified_count"": 60, ""pair_denominator"": 3570, ""discordant_pair_count"": 1500, ""pair_discordance_rate"": 0.42016806722689076}, {""seed"": 53, ""qualified_count"": 58, ""pair_denominator"": 3570, ""discordant_pair_count"": 1566, ""pair_discordance_rate"": 0.43865546218487395}, {""seed"": 54, ""qualified_count"": 7, ""pair_denominator"": 3570, ""discordant_pair_count"": 546, ""pair_discordance_rate"": 0.15294117647058825}, {""seed"": 55, ""qualified_count"": 29, ""pair_denominator"": 3570, ""discordant_pair_count"": 1624, ""pair_discordance_rate"": 0.4549019607843137}, {""seed"": 56, ""qualified_count"": 7, ""pair_denominator"": 3570, ""discordant_pair_count"": 546, ""pair_discordance_rate"": 0.15294117647058825}]",14,1,0,0,0,0,0.023529411764705882,0.15784313725490196,0.25042016806722689,0.40924369747899159,0.50420168067226889
