generator,learner,delta,total_cells,qualified_cells,not_qualified_cells,qualified_fraction,both_states_present,hospital_reversal_count,hospital_reversal_proportion,seed_reversal_count,seed_reversal_proportion
GaussianCopula,LR_L2,0.025000000000000001,1275,270,1005,0.21176470588235294,True,63,0.74117647058823533,15,1
GaussianCopula,LR_L2,0.050000000000000003,1275,570,705,0.44705882352941179,True,79,0.92941176470588238,15,1
GaussianCopula,LR_L2,0.10000000000000001,1275,1107,168,0.86823529411764711,True,51,0.59999999999999998,13,0.8666666666666667
GaussianCopula,LR_L2,0.20000000000000001,1275,1271,4,0.99686274509803918,True,3,0.035294117647058823,2,0.13333333333333333
GaussianCopula,XGBoost,0.025000000000000001,1275,19,1256,0.014901960784313726,True,9,0.10588235294117647,10,0.66666666666666663
GaussianCopula,XGBoost,0.050000000000000003,1275,68,1207,0.053333333333333337,True,23,0.27058823529411763,15,1
GaussianCopula,XGBoost,0.10000000000000001,1275,354,921,0.27764705882352941,True,68,0.80000000000000004,15,1
GaussianCopula,XGBoost,0.20000000000000001,1275,1191,84,0.9341176470588235,True,33,0.38823529411764707,14,0.93333333333333335
CTGAN,LR_L2,0.025000000000000001,1275,85,1190,0.066666666666666666,True,26,0.30588235294117649,13,0.8666666666666667
CTGAN,LR_L2,0.050000000000000003,1275,178,1097,0.13960784313725491,True,40,0.47058823529411764,15,1
CTGAN,LR_L2,0.10000000000000001,1275,618,657,0.48470588235294115,True,72,0.84705882352941175,15,1
CTGAN,LR_L2,0.20000000000000001,1275,1203,72,0.94352941176470584,True,36,0.42352941176470588,13,0.8666666666666667
CTGAN,XGBoost,0.025000000000000001,1275,29,1246,0.022745098039215685,True,12,0.14117647058823529,12,0.80000000000000004
CTGAN,XGBoost,0.050000000000000003,1275,111,1164,0.087058823529411758,True,38,0.44705882352941179,14,0.93333333333333335
CTGAN,XGBoost,0.10000000000000001,1275,609,666,0.47764705882352942,True,75,0.88235294117647056,15,1
CTGAN,XGBoost,0.20000000000000001,1275,1224,51,0.95999999999999996,True,26,0.30588235294117649,13,0.8666666666666667
TabDDPM,LR_L2,0.025000000000000001,1190,21,1169,0.017647058823529412,True,19,0.22352941176470589,4,0.2857142857142857
TabDDPM,LR_L2,0.050000000000000003,1190,44,1146,0.036974789915966387,True,36,0.42352941176470588,6,0.42857142857142855
TabDDPM,LR_L2,0.10000000000000001,1190,143,1047,0.12016806722689076,True,76,0.89411764705882357,10,0.7142857142857143
TabDDPM,LR_L2,0.20000000000000001,1190,554,636,0.46554621848739497,True,85,1,13,0.9285714285714286
TabDDPM,XGBoost,0.025000000000000001,1190,6,1184,0.0050420168067226894,True,3,0.035294117647058823,4,0.2857142857142857
TabDDPM,XGBoost,0.050000000000000003,1190,9,1181,0.0075630252100840336,True,5,0.058823529411764705,4,0.2857142857142857
TabDDPM,XGBoost,0.10000000000000001,1190,36,1154,0.030252100840336135,True,21,0.24705882352941178,7,0.5
TabDDPM,XGBoost,0.20000000000000001,1190,341,849,0.28655462184873948,True,83,0.97647058823529409,14,1
