generator,learner,delta,hospitals_evaluable,seed_count,total_seed_pairs,discordant_seed_pairs,realization_pair_discordance_rate,hospital_reversal_count,hospital_reversal_proportion,unanimous_qualified_hospital_count,unanimous_qualified_hospital_proportion,unanimous_not_qualified_hospital_count,unanimous_not_qualified_hospital_proportion,hospital_rate_min,hospital_rate_Q1,hospital_rate_median,hospital_rate_Q3,hospital_rate_max
GaussianCopula,LR_L2,0.025000000000000001,85,15,8925,2194,0.24582633053221289,63,0.74117647058823533,1,0.011764705882352941,21,0.24705882352941178,0,0,0.24761904761904763,0.41904761904761906,0.53333333333333333
GaussianCopula,LR_L2,0.050000000000000003,85,15,8925,3280,0.36750700280112047,79,0.92941176470588238,3,0.035294117647058823,3,0.035294117647058823,0,0.24761904761904763,0.41904761904761906,0.51428571428571423,0.53333333333333333
GaussianCopula,LR_L2,0.10000000000000001,85,15,8925,1736,0.19450980392156864,51,0.59999999999999998,34,0.40000000000000002,0,0,0,0,0.13333333333333333,0.41904761904761906,0.53333333333333333
GaussianCopula,LR_L2,0.20000000000000001,85,15,8925,54,0.0060504201680672267,3,0.035294117647058823,82,0.96470588235294119,0,0,0,0,0,0,0.24761904761904763
GaussianCopula,XGBoost,0.025000000000000001,85,15,8925,222,0.024873949579831932,9,0.10588235294117647,0,0,76,0.89411764705882357,0,0,0,0,0.51428571428571423
GaussianCopula,XGBoost,0.050000000000000003,85,15,8925,660,0.073949579831932774,23,0.27058823529411763,0,0,62,0.72941176470588232,0,0,0,0.13333333333333333,0.51428571428571423
GaussianCopula,XGBoost,0.10000000000000001,85,15,8925,2616,0.29310924369747898,68,0.80000000000000004,1,0.011764705882352941,16,0.18823529411764706,0,0.13333333333333333,0.34285714285714286,0.47619047619047616,0.53333333333333333
GaussianCopula,XGBoost,0.20000000000000001,85,15,8925,930,0.10420168067226891,33,0.38823529411764707,52,0.61176470588235299,0,0,0,0,0,0.13333333333333333,0.53333333333333333
CTGAN,LR_L2,0.025000000000000001,85,15,8925,836,0.093669467787114852,26,0.30588235294117649,0,0,59,0.69411764705882351,0,0,0,0.13333333333333333,0.53333333333333333
CTGAN,LR_L2,0.050000000000000003,85,15,8925,1490,0.16694677871148458,40,0.47058823529411764,0,0,45,0.52941176470588236,0,0,0,0.34285714285714286,0.53333333333333333
CTGAN,LR_L2,0.10000000000000001,85,15,8925,3012,0.33747899159663863,72,0.84705882352941175,3,0.035294117647058823,10,0.11764705882352941,0,0.13333333333333333,0.41904761904761906,0.51428571428571423,0.53333333333333333
CTGAN,LR_L2,0.20000000000000001,85,15,8925,782,0.087619047619047624,36,0.42352941176470588,49,0.57647058823529407,0,0,0,0,0,0.13333333333333333,0.53333333333333333
CTGAN,XGBoost,0.025000000000000001,85,15,8925,330,0.036974789915966387,12,0.14117647058823529,0,0,73,0.85882352941176465,0,0,0,0,0.51428571428571423
CTGAN,XGBoost,0.050000000000000003,85,15,8925,1166,0.13064425770308125,38,0.44705882352941179,0,0,47,0.55294117647058827,0,0,0,0.24761904761904763,0.53333333333333333
CTGAN,XGBoost,0.10000000000000001,85,15,8925,3114,0.34890756302521009,75,0.88235294117647056,2,0.023529411764705882,8,0.094117647058823528,0,0.13333333333333333,0.41904761904761906,0.47619047619047616,0.53333333333333333
CTGAN,XGBoost,0.20000000000000001,85,15,8925,602,0.067450980392156856,26,0.30588235294117649,59,0.69411764705882351,0,0,0,0,0,0.13333333333333333,0.53333333333333333
TabDDPM,LR_L2,0.025000000000000001,85,14,7735,269,0.03477698771816419,19,0.22352941176470589,0,0,66,0.77647058823529413,0,0,0,0,0.26373626373626374
TabDDPM,LR_L2,0.050000000000000003,85,14,7735,548,0.070846800258564963,36,0.42352941176470588,0,0,49,0.57647058823529407,0,0,0,0.14285714285714285,0.43956043956043955
TabDDPM,LR_L2,0.10000000000000001,85,14,7735,1585,0.20491273432449902,76,0.89411764705882357,0,0,9,0.10588235294117647,0,0.14285714285714285,0.14285714285714285,0.26373626373626374,0.53846153846153844
TabDDPM,LR_L2,0.20000000000000001,85,14,7735,3798,0.4910148674854557,85,1,0,0,0,0,0.26373626373626374,0.49450549450549453,0.52747252747252749,0.52747252747252749,0.53846153846153844
TabDDPM,XGBoost,0.025000000000000001,85,14,7735,70,0.0090497737556561094,3,0.035294117647058823,0,0,82,0.96470588235294119,0,0,0,0,0.36263736263736263
TabDDPM,XGBoost,0.050000000000000003,85,14,7735,107,0.01383322559793148,5,0.058823529411764705,0,0,80,0.94117647058823528,0,0,0,0,0.36263736263736263
TabDDPM,XGBoost,0.10000000000000001,85,14,7735,410,0.053005817711700064,21,0.24705882352941178,0,0,64,0.75294117647058822,0,0,0,0,0.52747252747252749
TabDDPM,XGBoost,0.20000000000000001,85,14,7735,2909,0.37608274078862314,83,0.97647058823529409,0,0,2,0.023529411764705882,0,0.26373626373626374,0.36263736263736263,0.49450549450549453,0.53846153846153844
