generator,learner,delta,reference_lower_PI,reference_upper_PI,full_Target_B_state,total_observed_cells,qualified_cell_count,not_qualified_cell_count,qualified_cell_fraction,not_qualified_cell_fraction,opposite_cell_count,CELL_TO_TARGET_B_DISCORDANCE,discordance_applicability
GaussianCopula,LR_L2,0.025000000000000001,0.0019826353304292,0.085147024088763998,FULL_TARGET_B_INDETERMINATE,1275,270,1005,0.21176470588235294,0.78823529411764703,,,NOT_APPLICABLE_INDETERMINATE_REFERENCE
GaussianCopula,LR_L2,0.050000000000000003,0.0019826353304292,0.085147024088763998,FULL_TARGET_B_INDETERMINATE,1275,570,705,0.44705882352941179,0.55294117647058827,,,NOT_APPLICABLE_INDETERMINATE_REFERENCE
GaussianCopula,LR_L2,0.10000000000000001,0.0019826353304292,0.085147024088763998,FULL_TARGET_B_QUALIFIED,1275,1107,168,0.86823529411764711,0.13176470588235295,168,0.13176470588235295,DEFINITIVE_REFERENCE
GaussianCopula,LR_L2,0.20000000000000001,0.0019826353304292,0.085147024088763998,FULL_TARGET_B_QUALIFIED,1275,1271,4,0.99686274509803918,0.0031372549019607842,4,0.0031372549019607842,DEFINITIVE_REFERENCE
GaussianCopula,XGBoost,0.025000000000000001,0.058271758173888397,0.1734508284506725,FULL_TARGET_B_NOT_QUALIFIED,1275,19,1256,0.014901960784313726,0.98509803921568628,19,0.014901960784313726,DEFINITIVE_REFERENCE
GaussianCopula,XGBoost,0.050000000000000003,0.058271758173888397,0.1734508284506725,FULL_TARGET_B_NOT_QUALIFIED,1275,68,1207,0.053333333333333337,0.94666666666666666,68,0.053333333333333337,DEFINITIVE_REFERENCE
GaussianCopula,XGBoost,0.10000000000000001,0.058271758173888397,0.1734508284506725,FULL_TARGET_B_INDETERMINATE,1275,354,921,0.27764705882352941,0.72235294117647064,,,NOT_APPLICABLE_INDETERMINATE_REFERENCE
GaussianCopula,XGBoost,0.20000000000000001,0.058271758173888397,0.1734508284506725,FULL_TARGET_B_QUALIFIED,1275,1191,84,0.9341176470588235,0.065882352941176475,84,0.065882352941176475,DEFINITIVE_REFERENCE
CTGAN,LR_L2,0.025000000000000001,0.019906425893056901,0.16637345782257659,FULL_TARGET_B_INDETERMINATE,1275,85,1190,0.066666666666666666,0.93333333333333335,,,NOT_APPLICABLE_INDETERMINATE_REFERENCE
CTGAN,LR_L2,0.050000000000000003,0.019906425893056901,0.16637345782257659,FULL_TARGET_B_INDETERMINATE,1275,178,1097,0.13960784313725491,0.86039215686274506,,,NOT_APPLICABLE_INDETERMINATE_REFERENCE
CTGAN,LR_L2,0.10000000000000001,0.019906425893056901,0.16637345782257659,FULL_TARGET_B_INDETERMINATE,1275,618,657,0.48470588235294115,0.51529411764705879,,,NOT_APPLICABLE_INDETERMINATE_REFERENCE
CTGAN,LR_L2,0.20000000000000001,0.019906425893056901,0.16637345782257659,FULL_TARGET_B_QUALIFIED,1275,1203,72,0.94352941176470584,0.05647058823529412,72,0.05647058823529412,DEFINITIVE_REFERENCE
CTGAN,XGBoost,0.025000000000000001,0.0318232506524119,0.15416978723112659,FULL_TARGET_B_NOT_QUALIFIED,1275,29,1246,0.022745098039215685,0.97725490196078435,29,0.022745098039215685,DEFINITIVE_REFERENCE
CTGAN,XGBoost,0.050000000000000003,0.0318232506524119,0.15416978723112659,FULL_TARGET_B_INDETERMINATE,1275,111,1164,0.087058823529411758,0.91294117647058826,,,NOT_APPLICABLE_INDETERMINATE_REFERENCE
CTGAN,XGBoost,0.10000000000000001,0.0318232506524119,0.15416978723112659,FULL_TARGET_B_INDETERMINATE,1275,609,666,0.47764705882352942,0.52235294117647058,,,NOT_APPLICABLE_INDETERMINATE_REFERENCE
CTGAN,XGBoost,0.20000000000000001,0.0318232506524119,0.15416978723112659,FULL_TARGET_B_QUALIFIED,1275,1224,51,0.95999999999999996,0.040000000000000001,51,0.040000000000000001,DEFINITIVE_REFERENCE
TabDDPM,LR_L2,0.025000000000000001,0.028211442860188,0.4077038569738719,FULL_TARGET_B_NOT_QUALIFIED,1190,21,1169,0.017647058823529412,0.98235294117647054,21,0.017647058823529412,DEFINITIVE_REFERENCE
TabDDPM,LR_L2,0.050000000000000003,0.028211442860188,0.4077038569738719,FULL_TARGET_B_INDETERMINATE,1190,44,1146,0.036974789915966387,0.96302521008403363,,,NOT_APPLICABLE_INDETERMINATE_REFERENCE
TabDDPM,LR_L2,0.10000000000000001,0.028211442860188,0.4077038569738719,FULL_TARGET_B_INDETERMINATE,1190,143,1047,0.12016806722689076,0.87983193277310923,,,NOT_APPLICABLE_INDETERMINATE_REFERENCE
TabDDPM,LR_L2,0.20000000000000001,0.028211442860188,0.4077038569738719,FULL_TARGET_B_INDETERMINATE,1190,554,636,0.46554621848739497,0.53445378151260503,,,NOT_APPLICABLE_INDETERMINATE_REFERENCE
TabDDPM,XGBoost,0.025000000000000001,0.1117376963948697,0.37349874668901001,FULL_TARGET_B_NOT_QUALIFIED,1190,6,1184,0.0050420168067226894,0.99495798319327733,6,0.0050420168067226894,DEFINITIVE_REFERENCE
TabDDPM,XGBoost,0.050000000000000003,0.1117376963948697,0.37349874668901001,FULL_TARGET_B_NOT_QUALIFIED,1190,9,1181,0.0075630252100840336,0.99243697478991599,9,0.0075630252100840336,DEFINITIVE_REFERENCE
TabDDPM,XGBoost,0.10000000000000001,0.1117376963948697,0.37349874668901001,FULL_TARGET_B_NOT_QUALIFIED,1190,36,1154,0.030252100840336135,0.96974789915966386,36,0.030252100840336135,DEFINITIVE_REFERENCE
TabDDPM,XGBoost,0.20000000000000001,0.1117376963948697,0.37349874668901001,FULL_TARGET_B_INDETERMINATE,1190,341,849,0.28655462184873948,0.71344537815126052,,,NOT_APPLICABLE_INDETERMINATE_REFERENCE
