target,delta,boundary_group,method,design_scope,summary_scope,design_cell_count,null_cell_count,attempted_replicates,common_success_n,DER,DER_MCSE,DER_MC95_lower,DER_MC95_upper,q_1_3,q_2_3,weighting,status
TARGET_B,0.025000000000000001,near boundary,M1,Full Gaussian design including diagnostic null; not primary gate,PAIR_COMMON_SUCCESS,17,1,17000,16939,0.18846473355659193,0.0027724665209245135,0.18303079902723682,0.19389866808594705,0.027172001814123659,0.065114484109590504,Equal cell weights within this target/delta/stratum; no method-specific cutpoints,ESTIMABLE
TARGET_B,0.025000000000000001,near boundary,M4,Full Gaussian design including diagnostic null; not primary gate,PAIR_COMMON_SUCCESS,17,1,17000,16939,0.29773030273758627,0.0030924587868388317,0.29166919489170773,0.30379141058346482,0.027172001814123659,0.065114484109590504,Equal cell weights within this target/delta/stratum; no method-specific cutpoints,ESTIMABLE
TARGET_B,0.025000000000000001,intermediate,M1,Full Gaussian design including diagnostic null; not primary gate,PAIR_COMMON_SUCCESS,4,0,4000,3990,0.00050301810865191151,0.00035532950098601714,-0.00019341491592527176,0.0011994511332290947,0.027172001814123659,0.065114484109590504,Equal cell weights within this target/delta/stratum; no method-specific cutpoints,ESTIMABLE
TARGET_B,0.025000000000000001,intermediate,M4,Full Gaussian design including diagnostic null; not primary gate,PAIR_COMMON_SUCCESS,4,0,4000,3990,0.0080248804915904817,0.001412049827321502,0.0052573136856643356,0.010792447297516628,0.027172001814123659,0.065114484109590504,Equal cell weights within this target/delta/stratum; no method-specific cutpoints,ESTIMABLE
TARGET_B,0.025000000000000001,far from boundary,M1,Full Gaussian design including diagnostic null; not primary gate,PAIR_COMMON_SUCCESS,9,5,9000,8955,0,0,0,0,0.027172001814123659,0.065114484109590504,Equal cell weights within this target/delta/stratum; no method-specific cutpoints,ESTIMABLE
TARGET_B,0.025000000000000001,far from boundary,M4,Full Gaussian design including diagnostic null; not primary gate,PAIR_COMMON_SUCCESS,9,5,9000,8955,0.00066934471756979481,0.00027284712820337212,0.00013457417300600258,0.0012041152621335869,0.027172001814123659,0.065114484109590504,Equal cell weights within this target/delta/stratum; no method-specific cutpoints,ESTIMABLE
TARGET_B,0.050000000000000003,near boundary,M1,Full Gaussian design including diagnostic null; not primary gate,PAIR_COMMON_SUCCESS,13,1,13000,12950,0.1081165256559702,0.0026189104789154493,0.10298355543856137,0.11324949587337903,0.027172001814123659,0.065114484109590504,Equal cell weights within this target/delta/stratum; no method-specific cutpoints,ESTIMABLE
TARGET_B,0.050000000000000003,near boundary,M4,Full Gaussian design including diagnostic null; not primary gate,PAIR_COMMON_SUCCESS,13,1,13000,12950,0.38803500299865701,0.0038323798746053741,0.38052367646935437,0.39554632952795965,0.027172001814123659,0.065114484109590504,Equal cell weights within this target/delta/stratum; no method-specific cutpoints,ESTIMABLE
TARGET_B,0.050000000000000003,intermediate,M1,Full Gaussian design including diagnostic null; not primary gate,PAIR_COMMON_SUCCESS,14,2,14000,13957,0.0013602215176879047,0.00031023277069566139,0.0007521764603003353,0.001968266575075474,0.027172001814123659,0.065114484109590504,Equal cell weights within this target/delta/stratum; no method-specific cutpoints,ESTIMABLE
TARGET_B,0.050000000000000003,intermediate,M4,Full Gaussian design including diagnostic null; not primary gate,PAIR_COMMON_SUCCESS,14,2,14000,13957,0.10579625271089237,0.0022300780224843758,0.10142538010410869,0.11016712531767604,0.027172001814123659,0.065114484109590504,Equal cell weights within this target/delta/stratum; no method-specific cutpoints,ESTIMABLE
TARGET_B,0.050000000000000003,far from boundary,M1,Full Gaussian design including diagnostic null; not primary gate,PAIR_COMMON_SUCCESS,3,3,3000,2977,0,0,0,0,0.027172001814123659,0.065114484109590504,Equal cell weights within this target/delta/stratum; no method-specific cutpoints,ESTIMABLE
TARGET_B,0.050000000000000003,far from boundary,M4,Full Gaussian design including diagnostic null; not primary gate,PAIR_COMMON_SUCCESS,3,3,3000,2977,0,0,0,0,0.027172001814123659,0.065114484109590504,Equal cell weights within this target/delta/stratum; no method-specific cutpoints,ESTIMABLE
TARGET_B,0.10000000000000001,near boundary,M1,Full Gaussian design including diagnostic null; not primary gate,PAIR_COMMON_SUCCESS,11,3,11000,10962,0.13131402523624797,0.0029233869427374103,0.12558429211560798,0.13704375835688795,0.027172001814123659,0.065114484109590504,Equal cell weights within this target/delta/stratum; no method-specific cutpoints,ESTIMABLE
TARGET_B,0.10000000000000001,near boundary,M4,Full Gaussian design including diagnostic null; not primary gate,PAIR_COMMON_SUCCESS,11,3,11000,10962,0.22735232042735254,0.0033975243008972545,0.22069329516099429,0.23401134569371079,0.027172001814123659,0.065114484109590504,Equal cell weights within this target/delta/stratum; no method-specific cutpoints,ESTIMABLE
TARGET_B,0.10000000000000001,intermediate,M1,Full Gaussian design including diagnostic null; not primary gate,PAIR_COMMON_SUCCESS,13,1,13000,12951,0,0,0,0,0.027172001814123659,0.065114484109590504,Equal cell weights within this target/delta/stratum; no method-specific cutpoints,ESTIMABLE
TARGET_B,0.10000000000000001,intermediate,M4,Full Gaussian design including diagnostic null; not primary gate,PAIR_COMMON_SUCCESS,13,1,13000,12951,0.08314593197470127,0.0021563141919243968,0.078919633819176868,0.087372230130225673,0.027172001814123659,0.065114484109590504,Equal cell weights within this target/delta/stratum; no method-specific cutpoints,ESTIMABLE
TARGET_B,0.10000000000000001,far from boundary,M1,Full Gaussian design including diagnostic null; not primary gate,PAIR_COMMON_SUCCESS,6,2,6000,5971,0.001506024096385542,0.00049973477652936517,0.00052656193256581389,0.0024854862602052699,0.027172001814123659,0.065114484109590504,Equal cell weights within this target/delta/stratum; no method-specific cutpoints,ESTIMABLE
TARGET_B,0.10000000000000001,far from boundary,M4,Full Gaussian design including diagnostic null; not primary gate,PAIR_COMMON_SUCCESS,6,2,6000,5971,0.17805618172351204,0.0041984610302750547,0.16982734931367799,0.18628501413334608,0.027172001814123659,0.065114484109590504,Equal cell weights within this target/delta/stratum; no method-specific cutpoints,ESTIMABLE
TARGET_B,0.20000000000000001,near boundary,M1,Full Gaussian design including diagnostic null; not primary gate,PAIR_COMMON_SUCCESS,5,1,5000,4982,0.0032217693256312067,0.00080157249579185415,0.0016507161028812885,0.0047928225483811248,0.027172001814123659,0.065114484109590504,Equal cell weights within this target/delta/stratum; no method-specific cutpoints,ESTIMABLE
TARGET_B,0.20000000000000001,near boundary,M4,Full Gaussian design including diagnostic null; not primary gate,PAIR_COMMON_SUCCESS,5,1,5000,4982,0.090012145554436235,0.0036099472090780974,0.082936779038552275,0.097087512070320195,0.027172001814123659,0.065114484109590504,Equal cell weights within this target/delta/stratum; no method-specific cutpoints,ESTIMABLE
TARGET_B,0.20000000000000001,intermediate,M1,Full Gaussian design including diagnostic null; not primary gate,PAIR_COMMON_SUCCESS,9,1,9000,8965,0.00077933645067913609,0.00029352664178890312,0.00020403480426989641,0.0013546380970883758,0.027172001814123659,0.065114484109590504,Equal cell weights within this target/delta/stratum; no method-specific cutpoints,ESTIMABLE
TARGET_B,0.20000000000000001,intermediate,M4,Full Gaussian design including diagnostic null; not primary gate,PAIR_COMMON_SUCCESS,9,1,9000,8965,0.0093720887816222051,0.0010137932418813049,0.0073850905397647437,0.011359087023479666,0.027172001814123659,0.065114484109590504,Equal cell weights within this target/delta/stratum; no method-specific cutpoints,ESTIMABLE
TARGET_B,0.20000000000000001,far from boundary,M1,Full Gaussian design including diagnostic null; not primary gate,PAIR_COMMON_SUCCESS,16,4,16000,15937,0,0,0,0,0.027172001814123659,0.065114484109590504,Equal cell weights within this target/delta/stratum; no method-specific cutpoints,ESTIMABLE
TARGET_B,0.20000000000000001,far from boundary,M4,Full Gaussian design including diagnostic null; not primary gate,PAIR_COMMON_SUCCESS,16,4,16000,15937,0.038949312970384772,0.0013463506022891357,0.036310514279334259,0.041588111661435286,0.027172001814123659,0.065114484109590504,Equal cell weights within this target/delta/stratum; no method-specific cutpoints,ESTIMABLE
TARGET_A,0.025000000000000001,near boundary,M1,Full Gaussian design including diagnostic null; not primary gate,PAIR_COMMON_SUCCESS,8,1,8000,7967,0.13954381796933771,0.0033777857624578515,0.13292347952742814,0.14616415641124728,0.027172001814123659,0.065114484109590504,Equal cell weights within this target/delta/stratum; no method-specific cutpoints,ESTIMABLE
TARGET_A,0.025000000000000001,near boundary,M4,Full Gaussian design including diagnostic null; not primary gate,PAIR_COMMON_SUCCESS,8,1,8000,7967,0.36117515993958504,0.004451839298644962,0.35244971524928087,0.36990060462988922,0.027172001814123659,0.065114484109590504,Equal cell weights within this target/delta/stratum; no method-specific cutpoints,ESTIMABLE
TARGET_A,0.025000000000000001,intermediate,M1,Full Gaussian design including diagnostic null; not primary gate,PAIR_COMMON_SUCCESS,8,0,8000,7981,0.0015043879132387141,0.00043205917985946618,0.00065756748152424687,0.0023512083449531811,0.027172001814123659,0.065114484109590504,Equal cell weights within this target/delta/stratum; no method-specific cutpoints,ESTIMABLE
TARGET_A,0.025000000000000001,intermediate,M4,Full Gaussian design including diagnostic null; not primary gate,PAIR_COMMON_SUCCESS,8,0,8000,7981,0.18004719347049603,0.0040114114875114109,0.17218497142780342,0.18790941551318863,0.027172001814123659,0.065114484109590504,Equal cell weights within this target/delta/stratum; no method-specific cutpoints,ESTIMABLE
TARGET_A,0.025000000000000001,far from boundary,M1,Full Gaussian design including diagnostic null; not primary gate,PAIR_COMMON_SUCCESS,14,5,14000,13936,0,0,0,0,0.027172001814123659,0.065114484109590504,Equal cell weights within this target/delta/stratum; no method-specific cutpoints,ESTIMABLE
TARGET_A,0.025000000000000001,far from boundary,M4,Full Gaussian design including diagnostic null; not primary gate,PAIR_COMMON_SUCCESS,14,5,14000,13936,0.0455371115360114,0.0016016259655886318,0.042397982326753493,0.048676240745269307,0.027172001814123659,0.065114484109590504,Equal cell weights within this target/delta/stratum; no method-specific cutpoints,ESTIMABLE
TARGET_A,0.050000000000000003,near boundary,M1,Full Gaussian design including diagnostic null; not primary gate,PAIR_COMMON_SUCCESS,14,1,14000,13952,0.10592563820323155,0.0023721234932554728,0.10127636158956947,0.11057491481689362,0.027172001814123659,0.065114484109590504,Equal cell weights within this target/delta/stratum; no method-specific cutpoints,ESTIMABLE
TARGET_A,0.050000000000000003,near boundary,M4,Full Gaussian design including diagnostic null; not primary gate,PAIR_COMMON_SUCCESS,14,1,14000,13952,0.41424964723946672,0.003491588420283707,0.40740625968687355,0.42109303479205989,0.027172001814123659,0.065114484109590504,Equal cell weights within this target/delta/stratum; no method-specific cutpoints,ESTIMABLE
TARGET_A,0.050000000000000003,intermediate,M1,Full Gaussian design including diagnostic null; not primary gate,PAIR_COMMON_SUCCESS,7,2,7000,6976,0.00028715003589375451,0.00020284156888154269,-0.00011041213368166974,0.00068471220546917875,0.027172001814123659,0.065114484109590504,Equal cell weights within this target/delta/stratum; no method-specific cutpoints,ESTIMABLE
TARGET_A,0.050000000000000003,intermediate,M4,Full Gaussian design including diagnostic null; not primary gate,PAIR_COMMON_SUCCESS,7,2,7000,6976,0.11724073856840198,0.0035407513389492545,0.11030099346584946,0.12418048367095449,0.027172001814123659,0.065114484109590504,Equal cell weights within this target/delta/stratum; no method-specific cutpoints,ESTIMABLE
TARGET_A,0.050000000000000003,far from boundary,M1,Full Gaussian design including diagnostic null; not primary gate,PAIR_COMMON_SUCCESS,9,3,9000,8956,0,0,0,0,0.027172001814123659,0.065114484109590504,Equal cell weights within this target/delta/stratum; no method-specific cutpoints,ESTIMABLE
TARGET_A,0.050000000000000003,far from boundary,M4,Full Gaussian design including diagnostic null; not primary gate,PAIR_COMMON_SUCCESS,9,3,9000,8956,0.084612275262941072,0.0023734913057386169,0.079960317786074431,0.089264232739807714,0.027172001814123659,0.065114484109590504,Equal cell weights within this target/delta/stratum; no method-specific cutpoints,ESTIMABLE
TARGET_A,0.10000000000000001,near boundary,M1,Full Gaussian design including diagnostic null; not primary gate,PAIR_COMMON_SUCCESS,12,3,12000,11958,0.12207425620265784,0.002686081926178677,0.11680963236782366,0.12733888003749202,0.027172001814123659,0.065114484109590504,Equal cell weights within this target/delta/stratum; no method-specific cutpoints,ESTIMABLE
TARGET_A,0.10000000000000001,near boundary,M4,Full Gaussian design including diagnostic null; not primary gate,PAIR_COMMON_SUCCESS,12,3,12000,11958,0.28588500735075278,0.0033709885032724512,0.27927799129204017,0.2924920234094654,0.027172001814123659,0.065114484109590504,Equal cell weights within this target/delta/stratum; no method-specific cutpoints,ESTIMABLE
TARGET_A,0.10000000000000001,intermediate,M1,Full Gaussian design including diagnostic null; not primary gate,PAIR_COMMON_SUCCESS,13,1,13000,12952,0.0061770888823418071,0.00067229911775929733,0.0048594068246955316,0.0074947709399880826,0.027172001814123659,0.065114484109590504,Equal cell weights within this target/delta/stratum; no method-specific cutpoints,ESTIMABLE
TARGET_A,0.10000000000000001,intermediate,M4,Full Gaussian design including diagnostic null; not primary gate,PAIR_COMMON_SUCCESS,13,1,13000,12952,0.14204301145681669,0.0021628254647293151,0.13780395144110114,0.14628207147253225,0.027172001814123659,0.065114484109590504,Equal cell weights within this target/delta/stratum; no method-specific cutpoints,ESTIMABLE
TARGET_A,0.10000000000000001,far from boundary,M1,Full Gaussian design including diagnostic null; not primary gate,PAIR_COMMON_SUCCESS,5,2,5000,4974,0,0,0,0,0.027172001814123659,0.065114484109590504,Equal cell weights within this target/delta/stratum; no method-specific cutpoints,ESTIMABLE
TARGET_A,0.10000000000000001,far from boundary,M4,Full Gaussian design including diagnostic null; not primary gate,PAIR_COMMON_SUCCESS,5,2,5000,4974,0.093590883850113438,0.0039531013725837153,0.085842947532613498,0.10133882016761338,0.027172001814123659,0.065114484109590504,Equal cell weights within this target/delta/stratum; no method-specific cutpoints,ESTIMABLE
TARGET_A,0.20000000000000001,near boundary,M1,Full Gaussian design including diagnostic null; not primary gate,PAIR_COMMON_SUCCESS,3,1,3000,2985,0.14085604938492982,0.0061193801235648673,0.12886228473503242,0.15284981403482722,0.027172001814123659,0.065114484109590504,Equal cell weights within this target/delta/stratum; no method-specific cutpoints,ESTIMABLE
TARGET_A,0.20000000000000001,near boundary,M4,Full Gaussian design including diagnostic null; not primary gate,PAIR_COMMON_SUCCESS,3,1,3000,2985,0.23429023223966497,0.0071529895068911482,0.2202706304243654,0.24830983405496454,0.027172001814123659,0.065114484109590504,Equal cell weights within this target/delta/stratum; no method-specific cutpoints,ESTIMABLE
TARGET_A,0.20000000000000001,intermediate,M1,Full Gaussian design including diagnostic null; not primary gate,PAIR_COMMON_SUCCESS,11,1,11000,10959,0.00036537194919467731,0.00018245629633482777,7.7641796258474016e-06,0.00072297971876350716,0.027172001814123659,0.065114484109590504,Equal cell weights within this target/delta/stratum; no method-specific cutpoints,ESTIMABLE
TARGET_A,0.20000000000000001,intermediate,M4,Full Gaussian design including diagnostic null; not primary gate,PAIR_COMMON_SUCCESS,11,1,11000,10959,0.035958553928235749,0.001710420372929069,0.032606191598871209,0.03931091625760029,0.027172001814123659,0.065114484109590504,Equal cell weights within this target/delta/stratum; no method-specific cutpoints,ESTIMABLE
TARGET_A,0.20000000000000001,far from boundary,M1,Full Gaussian design including diagnostic null; not primary gate,PAIR_COMMON_SUCCESS,16,4,16000,15940,0,0,0,0,0.027172001814123659,0.065114484109590504,Equal cell weights within this target/delta/stratum; no method-specific cutpoints,ESTIMABLE
TARGET_A,0.20000000000000001,far from boundary,M4,Full Gaussian design including diagnostic null; not primary gate,PAIR_COMMON_SUCCESS,16,4,16000,15940,0.0036989840252093253,0.00047846769861418874,0.0027612045681597503,0.0046367634822589007,0.027172001814123659,0.065114484109590504,Equal cell weights within this target/delta/stratum; no method-specific cutpoints,ESTIMABLE
