target,delta,block_id,exclude_dimension,exclude_value,retained_cell_count,weight_per_retained_cell,delta_DER,directionally_positive
TARGET_B,0.025000000000000001,EXCLUDE_GENERATOR_GaussianCopula,generator,GaussianCopula,16,0.0625,0.060423529778687077,True
TARGET_B,0.025000000000000001,EXCLUDE_GENERATOR_CTGAN,generator,CTGAN,16,0.0625,0.020775250911997015,True
TARGET_B,0.025000000000000001,EXCLUDE_GENERATOR_TabDDPM,generator,TabDDPM,16,0.0625,0.13618631599948228,True
TARGET_B,0.025000000000000001,EXCLUDE_LEARNER_LR_L2,learner,LR_L2,12,0.083333333333333329,0.010797816906878116,True
TARGET_B,0.025000000000000001,EXCLUDE_LEARNER_XGBoost,learner,XGBoost,12,0.083333333333333329,0.13412558088656612,True
TARGET_B,0.025000000000000001,EXCLUDE_REGIME_R1_SEED_DOMINANT,regime,R1_SEED_DOMINANT,18,0.055555555555555552,0.072832744163902632,True
TARGET_B,0.025000000000000001,EXCLUDE_REGIME_R2_HOSPITAL_DOMINANT,regime,R2_HOSPITAL_DOMINANT,18,0.055555555555555552,0.077342838103561476,True
TARGET_B,0.025000000000000001,EXCLUDE_REGIME_R3_INTERACTION_DOMINANT,regime,R3_INTERACTION_DOMINANT,18,0.055555555555555552,0.06640010497902149,True
TARGET_B,0.025000000000000001,EXCLUDE_REGIME_R4_MIXED,regime,R4_MIXED,18,0.055555555555555552,0.073271108340402902,True
TARGET_B,0.050000000000000003,EXCLUDE_GENERATOR_GaussianCopula,generator,GaussianCopula,16,0.0625,0.25867174138409371,True
TARGET_B,0.050000000000000003,EXCLUDE_GENERATOR_CTGAN,generator,CTGAN,16,0.0625,0.14212805060436029,True
TARGET_B,0.050000000000000003,EXCLUDE_GENERATOR_TabDDPM,generator,TabDDPM,16,0.0625,0.18961693285983308,True
TARGET_B,0.050000000000000003,EXCLUDE_LEARNER_LR_L2,learner,LR_L2,12,0.083333333333333329,0.13775463515112221,True
TARGET_B,0.050000000000000003,EXCLUDE_LEARNER_XGBoost,learner,XGBoost,12,0.083333333333333329,0.25585651474773585,True
TARGET_B,0.050000000000000003,EXCLUDE_REGIME_R1_SEED_DOMINANT,regime,R1_SEED_DOMINANT,18,0.055555555555555552,0.16019243209399475,True
TARGET_B,0.050000000000000003,EXCLUDE_REGIME_R2_HOSPITAL_DOMINANT,regime,R2_HOSPITAL_DOMINANT,18,0.055555555555555552,0.21773313516943515,True
TARGET_B,0.050000000000000003,EXCLUDE_REGIME_R3_INTERACTION_DOMINANT,regime,R3_INTERACTION_DOMINANT,18,0.055555555555555552,0.213845943264802,True
TARGET_B,0.050000000000000003,EXCLUDE_REGIME_R4_MIXED,regime,R4_MIXED,18,0.055555555555555552,0.19545078926948417,True
TARGET_B,0.10000000000000001,EXCLUDE_GENERATOR_GaussianCopula,generator,GaussianCopula,16,0.0625,0.10682199198817442,True
TARGET_B,0.10000000000000001,EXCLUDE_GENERATOR_CTGAN,generator,CTGAN,16,0.0625,0.10731244869274982,True
TARGET_B,0.10000000000000001,EXCLUDE_GENERATOR_TabDDPM,generator,TabDDPM,16,0.0625,0.077072812121932635,True
TARGET_B,0.10000000000000001,EXCLUDE_LEARNER_LR_L2,learner,LR_L2,12,0.083333333333333329,0.069370210005896479,True
TARGET_B,0.10000000000000001,EXCLUDE_LEARNER_XGBoost,learner,XGBoost,12,0.083333333333333329,0.12476795852934144,True
TARGET_B,0.10000000000000001,EXCLUDE_REGIME_R1_SEED_DOMINANT,regime,R1_SEED_DOMINANT,18,0.055555555555555552,0.056573481930670924,True
TARGET_B,0.10000000000000001,EXCLUDE_REGIME_R2_HOSPITAL_DOMINANT,regime,R2_HOSPITAL_DOMINANT,18,0.055555555555555552,0.11521754015847167,True
TARGET_B,0.10000000000000001,EXCLUDE_REGIME_R3_INTERACTION_DOMINANT,regime,R3_INTERACTION_DOMINANT,18,0.055555555555555552,0.11242993582195435,True
TARGET_B,0.10000000000000001,EXCLUDE_REGIME_R4_MIXED,regime,R4_MIXED,18,0.055555555555555552,0.10405537915937887,True
TARGET_B,0.20000000000000001,EXCLUDE_GENERATOR_GaussianCopula,generator,GaussianCopula,16,0.0625,0.042147927303421533,True
TARGET_B,0.20000000000000001,EXCLUDE_GENERATOR_CTGAN,generator,CTGAN,16,0.0625,0.044838946670918603,True
TARGET_B,0.20000000000000001,EXCLUDE_GENERATOR_TabDDPM,generator,TabDDPM,16,0.0625,0.0090882480335705961,True
TARGET_B,0.20000000000000001,EXCLUDE_LEARNER_LR_L2,learner,LR_L2,12,0.083333333333333329,0.043301488440787787,True
TARGET_B,0.20000000000000001,EXCLUDE_LEARNER_XGBoost,learner,XGBoost,12,0.083333333333333329,0.020748592897819364,True
TARGET_B,0.20000000000000001,EXCLUDE_REGIME_R1_SEED_DOMINANT,regime,R1_SEED_DOMINANT,18,0.055555555555555552,0.010756377872621075,True
TARGET_B,0.20000000000000001,EXCLUDE_REGIME_R2_HOSPITAL_DOMINANT,regime,R2_HOSPITAL_DOMINANT,18,0.055555555555555552,0.040247074444891402,True
TARGET_B,0.20000000000000001,EXCLUDE_REGIME_R3_INTERACTION_DOMINANT,regime,R3_INTERACTION_DOMINANT,18,0.055555555555555552,0.040753160879915706,True
TARGET_B,0.20000000000000001,EXCLUDE_REGIME_R4_MIXED,regime,R4_MIXED,18,0.055555555555555552,0.036343549479786116,True
