target,delta,comparison,cell_count,weight_per_cell,common_success_total,delta_DER,delta_DER_MCSE,delta_DER_MC95_lower,delta_DER_MC95_upper,DER_M1,DER_M1_MCSE,DER_M1_MC95_lower,DER_M1_MC95_upper,DER_M4,DER_M4_MCSE,DER_M4_MC95_lower,DER_M4_MC95_upper,delta_FQ,delta_FQ_MCSE,delta_FQ_MC95_lower,delta_FQ_MC95_upper,FQ_M1,FQ_M1_MCSE,FQ_M1_MC95_lower,FQ_M1_MC95_upper,FQ_M4,FQ_M4_MCSE,FQ_M4_MC95_lower,FQ_M4_MC95_upper,delta_FR,delta_FR_MCSE,delta_FR_MC95_lower,delta_FR_MC95_upper,FR_M1,FR_M1_MCSE,FR_M1_MC95_lower,FR_M1_MC95_upper,FR_M4,FR_M4_MCSE,FR_M4_MC95_lower,FR_M4_MC95_upper,delta_UI,delta_UI_MCSE,delta_UI_MC95_lower,delta_UI_MC95_upper,UI_M1,UI_M1_MCSE,UI_M1_MC95_lower,UI_M1_MC95_upper,UI_M4,UI_M4_MCSE,UI_M4_MC95_lower,UI_M4_MC95_upper,delta_EI,delta_EI_MCSE,delta_EI_MC95_lower,delta_EI_MC95_upper,EI_M1,EI_M1_MCSE,EI_M1_MC95_lower,EI_M1_MC95_upper,EI_M4,EI_M4_MCSE,EI_M4_MC95_lower,EI_M4_MC95_upper,delta_DecisionYield,delta_DecisionYield_MCSE,delta_DecisionYield_MC95_lower,delta_DecisionYield_MC95_upper,DecisionYield_M1,DecisionYield_M1_MCSE,DecisionYield_M1_MC95_lower,DecisionYield_M1_MC95_upper,DecisionYield_M4,DecisionYield_M4_MCSE,DecisionYield_M4_MC95_lower,DecisionYield_M4_MC95_upper,delta_CorrectDefinitiveYield,delta_CorrectDefinitiveYield_MCSE,delta_CorrectDefinitiveYield_MC95_lower,delta_CorrectDefinitiveYield_MC95_upper,CorrectDefinitiveYield_M1,CorrectDefinitiveYield_M1_MCSE,CorrectDefinitiveYield_M1_MC95_lower,CorrectDefinitiveYield_M1_MC95_upper,CorrectDefinitiveYield_M4,CorrectDefinitiveYield_M4_MCSE,CorrectDefinitiveYield_M4_MC95_lower,CorrectDefinitiveYield_M4_MC95_upper,macro_interval_method,consistent_cell_count,consistent_cell_fraction,DER_M3,DER_M3_MCSE,DER_M3_MC95_lower,DER_M3_MC95_upper,FQ_M3,FQ_M3_MCSE,FQ_M3_MC95_lower,FQ_M3_MC95_upper,FR_M3,FR_M3_MCSE,FR_M3_MC95_lower,FR_M3_MC95_upper,UI_M3,UI_M3_MCSE,UI_M3_MC95_lower,UI_M3_MC95_upper,EI_M3,EI_M3_MCSE,EI_M3_MC95_lower,EI_M3_MC95_upper,DecisionYield_M3,DecisionYield_M3_MCSE,DecisionYield_M3_MC95_lower,DecisionYield_M3_MC95_upper,CorrectDefinitiveYield_M3,CorrectDefinitiveYield_M3_MCSE,CorrectDefinitiveYield_M3_MC95_lower,CorrectDefinitiveYield_M3_MC95_upper,DER_M2,DER_M2_MCSE,DER_M2_MC95_lower,DER_M2_MC95_upper,FQ_M2,FQ_M2_MCSE,FQ_M2_MC95_lower,FQ_M2_MC95_upper,FR_M2,FR_M2_MCSE,FR_M2_MC95_lower,FR_M2_MC95_upper,UI_M2,UI_M2_MCSE,UI_M2_MC95_lower,UI_M2_MC95_upper,EI_M2,EI_M2_MCSE,EI_M2_MC95_lower,EI_M2_MC95_upper,DecisionYield_M2,DecisionYield_M2_MCSE,DecisionYield_M2_MC95_lower,DecisionYield_M2_MC95_upper,CorrectDefinitiveYield_M2,CorrectDefinitiveYield_M2_MCSE,CorrectDefinitiveYield_M2_MC95_lower,CorrectDefinitiveYield_M2_MC95_upper
TARGET_B,0.025000000000000001,M4_vs_M1,24,0.041666666666666664,23925,0.072461698896722118,0.0026598205858710568,0.067248546343076615,0.077674851450367621,0.13357968928736128,0.001964723197149501,0.12972890258135786,0.13743047599336469,0.20604138818408343,0.0021528991146582801,0.20182178345700505,0.21026099291116182,-0.0007097531743540629,0.00017121374671291253,-0.0010453259515695345,-0.00037418039713859127,0,0,0,0,0.0007097531743540629,0.00017112794666137329,0.00037434856214947989,0.001045157786558646,-0.084975053976961104,0.0018286777991679938,-0.088559196602658347,-0.081390911351263862,0.051685033890554233,0.0012137183132109391,0.04930618970928409,0.054063878071824376,0.13666008786751535,0.001540986872797751,0.13363980909618275,0.13968036663884795,-0.085642973148637794,0.0018296804081227745,-0.089229080851776985,-0.082056865445498603,0.051685033890554233,0.0012137183132109391,0.04930618970928409,0.054063878071824376,0.13732800703919204,0.0015417539765347434,0.13430622477216253,0.14034978930622155,0.013223108254593052,0.0019306837014140326,0.0094390377342830657,0.017007178774903039,0.081894655396807042,0.0015450000315837377,0.078866510978789675,0.08492279981482441,0.068671547142214004,0.0015022102467876976,0.065727269161303087,0.071615825123124921,-0.098866081403230846,0.0026599379599483355,-0.10407946400584053,-0.093652698800621159,0.63645704516041379,0.001964723197149501,0.63260625845441043,0.64030783186641715,0.73532312656364474,0.0021525893592867751,0.73110412894593846,0.73954212418135101,-0.013181274251915676,0.0019305219898139278,-0.016965027823313574,-0.009397520680517777,0.58477201126985967,0.0015450000315837377,0.58174386685184232,0.58780015568787702,0.5979532855217754,0.0015026540765378142,0.59500813765053895,0.60089843339301185,Independent fixed-cell mean Monte Carlo normal interval; method metrics use binomial plug-in MCSE; paired deltas use sample variance of replicate differences,20,0.83333333333333337,,,,,,,,,,,,,,,,,,,,,,,,,,,,,,,,,,,,,,,,,,,,,,,,,,,,,,,,
TARGET_B,0.025000000000000001,M3_vs_M1,24,0.041666666666666664,23925,0.080773514025406931,0.0022429627861502758,0.076377387745888772,0.08516964030492509,0.13357968928736128,0.001964723197149501,0.12972890258135786,0.13743047599336469,,,,,0,0,0,0,0,0,0,0,,,,,-0.16141306407266448,0.0016346661655015672,-0.16461695088379374,-0.15820917726153522,0.051685033890554233,0.0012137183132109391,0.04930618970928409,0.054063878071824376,,,,,-0.16141306407266448,0.0016346661655015672,-0.16461695088379374,-0.15820917726153522,0.051685033890554233,0.0012137183132109391,0.04930618970928409,0.054063878071824376,,,,,0.080639550047257549,0.0015358217954630708,0.077629394641478291,0.083649705453036807,0.081894655396807042,0.0015450000315837377,0.078866510978789675,0.08492279981482441,,,,,-0.24205261411992204,0.0022429627861502758,-0.2464487403994402,-0.23765648784040388,0.63645704516041379,0.001964723197149501,0.63260625845441043,0.64030783186641715,,,,,-0.080639550047257549,0.0015358217954630708,-0.083649705453036807,-0.077629394641478291,0.58477201126985967,0.0015450000315837377,0.58174386685184232,0.58780015568787702,,,,,Independent fixed-cell mean Monte Carlo normal interval; method metrics use binomial plug-in MCSE; paired deltas use sample variance of replicate differences,15,0.625,0.21435320331276819,0.0012240053988221903,0.21195419681419411,0.21675220981134227,0,0,0,0,0.21309809796321874,0.0012026944968650979,0.21074086006495862,0.21545533586147886,0.21309809796321874,0.0012026944968650979,0.21074086006495862,0.21545533586147886,0.001255105349549486,0.00022740968219554349,0.00080939056271052119,0.0017008201363884509,0.87850965928033586,0.0012240053988221903,0.87611065278176181,0.88090866577890992,0.6654115613171171,0.00022740968219554328,0.66496584653027813,0.66585727610395606,,,,,,,,,,,,,,,,,,,,,,,,,,,,
TARGET_B,0.025000000000000001,M2_vs_M1,24,0.041666666666666664,23847,0.07364368438003728,0.0018921578756673156,0.069935123090665519,0.077352245669409042,0.13362250738254058,0.0019684218220015703,0.12976447150503478,0.13748054326004638,,,,,0,0,0,0,0,0,0,0,,,,,0.051347459264491281,0.0012147662597004427,0.048966561145843981,0.053728357383138581,0.051724934084040518,0.0012162738714687653,0.049341081100624642,0.054108787067456393,,,,,0.051347459264491281,0.0012147662597004427,0.048966561145843981,0.053728357383138581,0.051724934084040518,0.0012162738714687653,0.049341081100624642,0.054108787067456393,,,,,-0.12499114364452857,0.001450725460155451,-0.12783451329788856,-0.12214777399116859,0.081897573298500073,0.0015476958160163007,0.078864145240084796,0.08493100135691535,,,,,0.17633860290901984,0.0018921578756673156,0.17263004161964809,0.18004716419839159,0.63649402745220707,0.0019684218220015703,0.6326359915747013,0.64035206332971284,,,,,0.12499114364452857,0.001450725460155451,0.12214777399116859,0.12783451329788856,0.58476909336816651,0.0015476958160163007,0.58173566530975118,0.58780252142658185,,,,,Independent fixed-cell mean Monte Carlo normal interval; method metrics use binomial plug-in MCSE; paired deltas use sample variance of replicate differences,20,0.83333333333333337,,,,,,,,,,,,,,,,,,,,,,,,,,,,,0.20726619176257788,0.0016611551706816018,0.20401038745530944,0.21052199606984631,0,0,0,0,0.00037747481954923998,0.00012553594192432697,0.00013142889461224729,0.00062352074448623267,0.00037747481954923998,0.00012553594192432697,0.00013142889461224729,0.00062352074448623267,0.2068887169430286,0.0016564049107532233,0.203642222974137,0.21013521091192019,0.46015542454318731,0.0016611551706816018,0.4568996202359189,0.46341122885045571,0.45977794972363806,0.0016564049107532233,0.45653145575474646,0.46302444369252965
TARGET_B,0.050000000000000003,M4_vs_M1,24,0.041666666666666664,23925,0.19680557494942905,0.0025857642829260142,0.19173757008238401,0.20187357981647408,0.050560284319338844,0.0013240283365401851,0.047965236465209601,0.053155332173468087,0.24736585926876786,0.0023568316152862106,0.24274655418518154,0.25198516435235419,-0.012020961853927982,0.00064959050256486735,-0.013294135843654395,-0.01074778786420157,0,0,0,0,0.012020961853927982,0.00064926506868314359,0.010748425702889097,0.013293498004966868,-0.17403144281500671,0.0022214030171879306,-0.17838531272384367,-0.16967757290616975,0.0329592947997926,0.001058193096606588,0.030885274441754772,0.035033315157830425,0.20699073761479933,0.0020598748553464856,0.20295345708566057,0.2110280181439381,-0.18605240466893469,0.0022934833778953949,-0.19054754948875094,-0.18155725984911844,0.0329592947997926,0.001058193096606588,0.030885274441754772,0.035033315157830425,0.21901169946872731,0.002136745964460359,0.2148237543342737,0.22319964460318092,-0.010753170280494329,0.0011941988620717294,-0.013093757040533633,-0.0084125835204550241,0.017600989519546247,0.00079578791537414666,0.016041273866080712,0.019160705173011782,0.028354159800040576,0.00099447068643322982,0.026405033070950622,0.03030328652913053,-0.17529923438844039,0.0025857642829260142,-0.18036723925548542,-0.17023122952139536,0.34869163861357966,0.0013240283365401849,0.34609659075945043,0.35128668646770889,0.52399087300202007,0.0023568316152862106,0.51937156791843375,0.5286101780856064,0.010753170280494329,0.0011941988620717294,0.0084125835204550241,0.013093757040533633,0.31573234381378706,0.00079578791537414666,0.31417262816032154,0.31729205946725259,0.30497917353329274,0.0009944706864332296,0.30303004680420276,0.30692830026238271,Independent fixed-cell mean Monte Carlo normal interval; method metrics use binomial plug-in MCSE; paired deltas use sample variance of replicate differences,23,0.95833333333333337,,,,,,,,,,,,,,,,,,,,,,,,,,,,,,,,,,,,,,,,,,,,,,,,,,,,,,,,
TARGET_B,0.050000000000000003,M3_vs_M1,24,0.041666666666666664,23925,0.3351553598497195,0.0019121059514716461,0.33140770105021039,0.33890301864922862,0.050560284319338844,0.0013240283365401851,0.047965236465209601,0.053155332173468087,,,,,-0.0084720664217992209,0.00056217498432276438,-0.009573909144081209,-0.0073702236995172327,0,0,0,0,,,,,-0.3437827784339258,0.0016500494274635678,-0.34701681588446531,-0.34054874098338628,0.0329592947997926,0.001058193096606588,0.030885274441754772,0.035033315157830425,,,,,-0.35225484485572506,0.001742790622970923,-0.3556706517093422,-0.34883903800210792,0.0329592947997926,0.001058193096606588,0.030885274441754772,0.035033315157830425,,,,,0.017099485006005624,0.00078665749480819915,0.015557664648013048,0.0186413053639982,0.017600989519546247,0.00079578791537414666,0.016041273866080712,0.019160705173011782,,,,,-0.36935432986173072,0.0019121059514716461,-0.37310198866123984,-0.36560667106222161,0.34869163861357966,0.0013240283365401849,0.34609659075945043,0.35128668646770889,,,,,-0.017099485006005624,0.00078665749480819915,-0.0186413053639982,-0.015557664648013048,0.31573234381378706,0.00079578791537414666,0.31417262816032154,0.31729205946725259,,,,,Independent fixed-cell mean Monte Carlo normal interval; method metrics use binomial plug-in MCSE; paired deltas use sample variance of replicate differences,19,0.79166666666666663,0.38571564416905835,0.0014396132001977047,0.38289405414500238,0.38853723419311431,0.0084720664217992209,0.00056189337587131437,0.0073707756419398168,0.0095733572016586249,0.3767420732337185,0.0013181193606505248,0.37415860675951851,0.37932553970791849,0.38521413965551771,0.001432403410935439,0.38240668055875193,0.38802159875228348,0.00050150451354062187,0.00014389800041694911,0.00021946961527607192,0.00078353941180517176,0.71804596847531033,0.0014396132001977047,0.71522437845125442,0.72086755849936623,0.33283182881979273,0.00014389800041694911,0.33254979392152817,0.33311386371805729,,,,,,,,,,,,,,,,,,,,,,,,,,,,
TARGET_B,0.050000000000000003,M2_vs_M1,24,0.041666666666666664,23847,0.081903989903410357,0.0014538067388867447,0.079054581054710707,0.084753398752110007,0.050609405554166424,0.0013270793351905317,0.04800837785256562,0.053210433255767228,,,,,0,0,0,0,0,0,0,0,,,,,0.010954266886059549,0.0006780694644759037,0.0096252751566704171,0.012283258615448682,0.032964135402578289,0.0010605544018261936,0.030885486971353529,0.035042783833803048,,,,,0.010954266886059549,0.0006780694644759037,0.0096252751566704171,0.012283258615448682,0.032964135402578289,0.0010605544018261936,0.030885486971353529,0.035042783833803048,,,,,-0.092858256789469906,0.0012859921599208423,-0.095378755107315624,-0.090337758471624188,0.017645270151588135,0.00079772421466119993,0.016081759421256683,0.019208780881919588,,,,,0.10381252367552947,0.0014538067388867447,0.10096311482682982,0.10666193252422912,0.34865219858432345,0.0013270793351905317,0.34605117088272264,0.35125322628592426,,,,,0.092858256789469906,0.0012859921599208423,0.090337758471624188,0.095378755107315624,0.31568806318174519,0.00079772421466119993,0.31412455245141374,0.31725157391207665,,,,,Independent fixed-cell mean Monte Carlo normal interval; method metrics use binomial plug-in MCSE; paired deltas use sample variance of replicate differences,16,0.66666666666666663,,,,,,,,,,,,,,,,,,,,,,,,,,,,,0.13251339545757679,0.0015169585475806422,0.12954021133827853,0.13548657957687504,0,0,0,0,0.022009868516518743,0.00088172706877800815,0.020281715217519775,0.02373802181551771,0.022009868516518743,0.00088172706877800815,0.020281715217519775,0.02373802181551771,0.11050352694105807,0.001234390785473593,0.10808416545868171,0.11292288842343443,0.24483967490879402,0.0015169585475806422,0.24186649078949576,0.24781285902809227,0.22282980639227526,0.0012343907854735928,0.22041044490989892,0.2252491678746516
TARGET_B,0.10000000000000001,M4_vs_M1,24,0.041666666666666664,23925,0.097069084267618955,0.0020906237270656813,0.09297153705734533,0.10116663147789258,0.028428310126814765,0.00097877429094581406,0.026509947767567241,0.030346672486062289,0.12549739439443372,0.0019333086122816049,0.12170817914336066,0.12928660964550678,-0.01976821161922114,0.00083524926617246139,-0.021405270099032675,-0.018131153139409606,0,0,0,0,0.01976821161922114,0.00083483023793185873,0.018131974419669693,0.021404448818772587,-0.069406707607190324,0.0014003471676927442,-0.072151337621720768,-0.06666207759265988,0.00037650602409638551,0.00012493369413234129,0.00013164048314145347,0.00062137156505131749,0.069783213631286714,0.0013950549714759695,0.067048956130740259,0.072517471131833169,-0.089174919226411478,0.0015752253820334576,-0.092262304242730409,-0.086087534210092548,0.00037650602409638551,0.00012493369413234129,0.00013164048314145347,0.00062137156505131749,0.089551425250507868,0.0015703262123250719,0.086473642430371533,0.092629208070644203,-0.0078941650412074783,0.0013745444932658777,-0.010588222743156458,-0.0052001073392584987,0.028051804102718379,0.00097076809006421715,0.026149133608851776,0.029954474596584981,0.035945969143925859,0.0011277223848124224,0.033735673885133891,0.038156264402717827,-0.081280754185203988,0.0020906237270656813,-0.085378301395477613,-0.077183206974930363,0.30565803525471136,0.00097877429094581428,0.30373967289546383,0.30757639761395889,0.38693878943991528,0.0019333086122816049,0.38314957418884221,0.39072800469098834,0.0078941650412074783,0.0013745444932658777,0.0052001073392584987,0.010588222743156458,0.30528152923061497,0.00097076809006421726,0.30337885873674836,0.30718419972448158,0.29738736418940742,0.0011277223848124224,0.29517706893061546,0.29959765944819938,Independent fixed-cell mean Monte Carlo normal interval; method metrics use binomial plug-in MCSE; paired deltas use sample variance of replicate differences,23,0.95833333333333337,,,,,,,,,,,,,,,,,,,,,,,,,,,,,,,,,,,,,,,,,,,,,,,,,,,,,,,,
TARGET_B,0.10000000000000001,M3_vs_M1,24,0.041666666666666664,23925,0.10641741332181037,0.0015178275443824866,0.10344252600007783,0.10939230064354291,0.028428310126814765,0.00097877429094581406,0.026509947767567241,0.030346672486062289,,,,,-0.0077265058421084774,0.00055160079123888883,-0.0088076235267804965,-0.0066453881574364583,0,0,0,0,,,,,-0.12657571091441761,0.0010310703190105869,-0.12859657160520657,-0.12455485022362862,0.00037650602409638551,0.00012493369413234129,0.00013164048314145347,0.00062137156505131749,,,,,-0.13430221675652607,0.0011686052803577469,-0.13659264101817059,-0.13201179249488154,0.00037650602409638551,0.00012493369413234129,0.00013164048314145347,0.00062137156505131749,,,,,0.027884803434715708,0.00096858771064171651,0.025986406405989839,0.029783200463441576,0.028051804102718379,0.00097076809006421715,0.026149133608851776,0.029954474596584981,,,,,-0.16218702019124179,0.0015178275443824866,-0.16516190751297433,-0.15921213286950925,0.30565803525471136,0.00097877429094581428,0.30373967289546383,0.30757639761395889,,,,,-0.027884803434715708,0.00096858771064171651,-0.029783200463441576,-0.025986406405989839,0.30528152923061497,0.00097076809006421726,0.30337885873674836,0.30718419972448158,,,,,Independent fixed-cell mean Monte Carlo normal interval; method metrics use binomial plug-in MCSE; paired deltas use sample variance of replicate differences,18,0.75,0.13484572344862514,0.0011647247758500691,0.13256290483605751,0.13712854206119277,0.0077265058421084774,0.00055132427223978373,0.0066459301247157451,0.0088070815595012088,0.12695221693851397,0.0010234306953285806,0.12494632963499716,0.12895810424203077,0.13467872278062246,0.0011617398343923646,0.13240175454580788,0.13695569101543703,0.000167000668002672,8.3332830655118468e-05,3.6713211888644447e-06,0.00033033001481647952,0.46784505544595306,0.0011647247758500691,0.46556223683338543,0.47012787405852069,0.33316633266533063,8.3332830655118509e-05,0.33300300331851684,0.33332966201214442,,,,,,,,,,,,,,,,,,,,,,,,,,,,
TARGET_B,0.10000000000000001,M2_vs_M1,24,0.041666666666666664,23847,0.079270256532810113,0.0015337727050049954,0.076264117270529744,0.082276395795090482,0.028481113163403553,0.00098105143191848853,0.026558287689861869,0.030403938636945238,,,,,0,0,0,0,0,0,0,0,,,,,0.00016818028927009755,0.00010290224580444427,-3.3504406434901125e-05,0.00036986498497509619,0.00037840565085771951,0.00012556114724607427,0.00013231032439788335,0.00062450097731755571,,,,,0.00016818028927009755,0.00010290224580444427,-3.3504406434901125e-05,0.00036986498497509619,0.00037840565085771951,0.00012556114724607427,0.00013231032439788335,0.00062450097731755571,,,,,-0.079438436822080224,0.0015303169078418829,-0.08243780284638301,-0.076439070797777439,0.028102707512545833,0.00097298320148477707,0.026195695480073191,0.030009719545018475,,,,,0.079606617111350308,0.0015337727050049954,0.07660047784906994,0.082612756373630677,0.30560903147164525,0.00098105143191848853,0.30368620599810359,0.30753185694518692,,,,,0.079438436822080224,0.0015303169078418829,0.076439070797777439,0.08243780284638301,0.30523062582078753,0.00097298320148477707,0.30332361378831491,0.30713763785326015,,,,,Independent fixed-cell mean Monte Carlo normal interval; method metrics use binomial plug-in MCSE; paired deltas use sample variance of replicate differences,23,0.95833333333333337,,,,,,,,,,,,,,,,,,,,,,,,,,,,,0.10775136969621368,0.001709218207503778,0.10440136356778618,0.11110137582464119,0,0,0,0,0.00021022536158762193,9.3778166241771294e-05,2.6423533217540272e-05,0.00039402718995770357,0.00021022536158762193,9.3778166241771294e-05,2.6423533217540272e-05,0.00039402718995770357,0.10754114433462607,0.001706643646576156,0.1041961842528927,0.11088610441635943,0.22600241436029489,0.001709218207503778,0.22265240823186738,0.2293524204887224,0.22579218899870726,0.001706643646576156,0.22244722891697388,0.22913714908044064
TARGET_B,0.20000000000000001,M4_vs_M1,24,0.041666666666666664,23925,0.032025040669303576,0.0010455321244398662,0.029975835360721789,0.034074245977885366,0.00045942085377999466,0.00013816087337676714,0.00018863051788893227,0.000730211189671057,0.032484461523083569,0.0010354625362285221,0.030454992244735163,0.034513930801431975,-0.0034295910661221556,0.00036923752884000658,-0.0041532833243891377,-0.0027058988078551734,0,0,0,0,0.0034295910661221556,0.0003690521664377325,0.0027062621114877184,0.0041529200207565927,-0.022536617580801027,0.00084884539829688374,-0.024200323989905476,-0.020872911171696578,0,0,0,0,0.022536617580801027,0.00084841935030301055,0.020873746210420256,0.024199488951181798,-0.025966208646923183,0.00089801781214063077,-0.027726291216194274,-0.024206126077652091,0,0,0,0,0.025966208646923183,0.00089756706819275715,0.02420700951955617,0.027725407774290195,-0.0060588320223803971,0.00053544507870919385,-0.0071082850923496321,-0.0050093789524111622,0.00045942085377999466,0.00013816087337676714,0.00018863051788893227,0.000730211189671057,0.0065182528761603921,0.00051629063716928097,0.0055063418217533647,0.0075301639305674194,-0.019907376624542783,0.0010455321244398662,-0.02195658193312457,-0.017858171315960996,0.66620724581288671,0.00013816087337676695,0.66593645547699565,0.66647803614877776,0.68611462243742949,0.0010354625362285221,0.68408515315908114,0.68814409171577784,0.0060588320223803971,0.00053544507870919385,0.0050093789524111622,0.0071082850923496321,0.66620724581288671,0.00013816087337676695,0.66593645547699565,0.66647803614877776,0.66014841379050626,0.00051629063716928097,0.65913650273609925,0.66116032484491327,Independent fixed-cell mean Monte Carlo normal interval; method metrics use binomial plug-in MCSE; paired deltas use sample variance of replicate differences,24,1,,,,,,,,,,,,,,,,,,,,,,,,,,,,,,,,,,,,,,,,,,,,,,,,,,,,,,,,
TARGET_B,0.20000000000000001,M3_vs_M1,24,0.041666666666666664,23925,0.016053052227711456,0.00073942285189462721,0.014603810068652091,0.017502294386770818,0.00045942085377999466,0.00013816087337676714,0.00018863051788893227,0.000730211189671057,,,,,0,0,0,0,0,0,0,0,,,,,-0.016512473081491452,0.00072638734425608425,-0.017936166115059077,-0.015088780047923829,0,0,0,0,,,,,-0.016512473081491452,0.00072638734425608425,-0.017936166115059077,-0.015088780047923829,0,0,0,0,,,,,0.00045942085377999466,0.00013823017039914565,0.00018849469822083454,0.00073034700933915478,0.00045942085377999466,0.00013816087337676714,0.00018863051788893227,0.000730211189671057,,,,,-0.016971893935271449,0.00073942285189462721,-0.018421136094330812,-0.015522651776212084,0.66620724581288671,0.00013816087337676695,0.66593645547699565,0.66647803614877776,,,,,-0.00045942085377999466,0.00013823017039914565,-0.00073034700933915478,-0.00018849469822083454,0.66620724581288671,0.00013816087337676695,0.66593645547699565,0.66647803614877776,,,,,Independent fixed-cell mean Monte Carlo normal interval; method metrics use binomial plug-in MCSE; paired deltas use sample variance of replicate differences,21,0.875,0.016512473081491452,0.0007260228422809184,0.015089494458667448,0.017935451704315455,0,0,0,0,0.016512473081491452,0.0007260228422809184,0.015089494458667448,0.017935451704315455,0.016512473081491452,0.0007260228422809184,0.015089494458667448,0.017935451704315455,0,0,0,0,0.68317913974815825,0.0007260228422809184,0.68175616112533421,0.68460211837098228,0.66666666666666663,0,0.66666666666666663,0.66666666666666663,,,,,,,,,,,,,,,,,,,,,,,,,,,,
TARGET_B,0.20000000000000001,M2_vs_M1,24,0.041666666666666664,23847,0.030157339963577709,0.0010262744993590313,0.028145878906582131,0.032168801020573283,0.00046131150988647441,0.00013872719294060298,0.00018941120804655335,0.00073321181172639541,,,,,0,0,0,0,0,0,0,0,,,,,0,0,0,0,0,0,0,0,,,,,0,0,0,0,0,0,0,0,,,,,-0.030157339963577709,0.0010262744993590313,-0.032168801020573283,-0.028145878906582131,0.00046131150988647441,0.00013872719294060298,0.00018941120804655335,0.00073321181172639541,,,,,0.030157339963577709,0.0010262744993590313,0.028145878906582131,0.032168801020573283,0.66620535515678014,0.00013872719294060268,0.66593345485494027,0.66647725545862002,,,,,0.030157339963577709,0.0010262744993590313,0.028145878906582131,0.032168801020573283,0.66620535515678014,0.00013872719294060268,0.66593345485494027,0.66647725545862002,,,,,Independent fixed-cell mean Monte Carlo normal interval; method metrics use binomial plug-in MCSE; paired deltas use sample variance of replicate differences,24,1,,,,,,,,,,,,,,,,,,,,,,,,,,,,,0.030618651473464181,0.0010318727161144666,0.028596218113250305,0.032641084833678058,0,0,0,0,0,0,0,0,0,0,0,0,0.030618651473464181,0.0010318727161144666,0.028596218113250305,0.032641084833678058,0.63604801519320253,0.0010318727161144666,0.63402558183298863,0.63807044855341644,0.63604801519320253,0.0010318727161144666,0.63402558183298863,0.63807044855341644
TARGET_A,0.025000000000000001,M4_vs_M1,24,0.041666666666666664,23925,0.15351530363244761,0.0023654910328664968,0.14887902640227682,0.15815158086261841,0.04701606862752547,0.0011351021389169153,0.044791309316473932,0.049240827938577009,0.20053137225997308,0.0021526220501682835,0.19631231056931647,0.2047504339506297,-0.0007097531743540629,0.00017121374671291253,-0.0010453259515695345,-0.00037418039713859127,0,0,0,0,0.0007097531743540629,0.00017112794666137329,0.00037434856214947989,0.001045157786558646,-0.0042182061579651943,0.00069530472701565405,-0.00558097838119633,-0.0028554339347340585,0.0050000000000000001,0.00042817441928883767,0.0041607935590925261,0.0058392064409074742,0.0092182061579651944,0.00057691068229990281,0.0080874819983609552,0.010348930317569434,-0.0042598728246318607,0.0006964472666388862,-0.0056248843843754413,-0.00289486126488828,0.0050000000000000001,0.00042817441928883767,0.0041607935590925261,0.0058392064409074742,0.0092598728246318599,0.00057792543667132309,0.0081271597830064827,0.010392585866257237,-0.14858734430012835,0.002260099527048638,-0.1530170579746197,-0.144157630625637,0.042016068627525466,0.0010512485588291774,0.039955659313420641,0.04407647794163029,0.19060341292765381,0.002073558086807049,0.18653931375766022,0.1946675120976474,0.14432747147549649,0.0023649711768590864,0.13969221314437738,0.1489627298066156,0.87965059803914114,0.0011351021389169153,0.87742583872808966,0.88187535735019262,0.73532312656364474,0.0021525893592867751,0.73110412894593846,0.73954212418135101,0.14925543080781575,0.0022606434993963625,0.14482465096711428,0.15368621064851723,0.87465059803914114,0.0010512485588291774,0.87259018872503635,0.87671100735324592,0.72539516723132547,0.0020735920236437454,0.72133100154635421,0.72945933291629672,Independent fixed-cell mean Monte Carlo normal interval; method metrics use binomial plug-in MCSE; paired deltas use sample variance of replicate differences,24,1,,,,,,,,,,,,,,,,,,,,,,,,,,,,,,,,,,,,,,,,,,,,,,,,,,,,,,,,
TARGET_A,0.025000000000000001,M3_vs_M1,24,0.041666666666666664,23925,0.0077266147962885582,0.0011341947044289783,0.0055036340241517087,0.0099495955684254078,0.04701606862752547,0.0011351021389169153,0.044791309316473932,0.049240827938577009,,,,,0,0,0,0,0,0,0,0,,,,,-0.003292838018741633,0.00048940286384283667,-0.0042520500058043529,-0.0023336260316789131,0.0050000000000000001,0.00042817441928883767,0.0041607935590925261,0.0058392064409074742,,,,,-0.003292838018741633,0.00048940286384283667,-0.0042520500058043529,-0.0023336260316789131,0.0050000000000000001,0.00042817441928883767,0.0041607935590925261,0.0058392064409074742,,,,,-0.0044337767775469265,0.001023172744172345,-0.0064391585060877372,-0.0024283950490061159,0.042016068627525466,0.0010512485588291774,0.039955659313420641,0.04407647794163029,,,,,0.0011409387588052933,0.0011341947044289783,-0.0010820420133315558,0.0033639195309421426,0.87965059803914114,0.0011351021389169153,0.87742583872808966,0.88187535735019262,,,,,0.0044337767775469265,0.001023172744172345,0.0024283950490061159,0.0064391585060877372,0.87465059803914114,0.0010512485588291774,0.87259018872503635,0.87671100735324592,,,,,Independent fixed-cell mean Monte Carlo normal interval; method metrics use binomial plug-in MCSE; paired deltas use sample variance of replicate differences,23,0.95833333333333337,0.054742683423814033,0.0012240053988221903,0.052343676925239953,0.057141689922388113,0,0,0,0,0.0082928380187416335,0.00053056368260011072,0.007252952309340476,0.0093327237281427902,0.0082928380187416335,0.00053056368260011072,0.007252952309340476,0.0093327237281427902,0.046449845405072403,0.0011030373497990349,0.044287931925863784,0.048611758884281021,0.87850965928033586,0.0012240053988221903,0.87611065278176181,0.88090866577890992,0.87021682126159428,0.0011030373497990349,0.8680549077823857,0.87237873474080285,,,,,,,,,,,,,,,,,,,,,,,,,,,,
TARGET_A,0.025000000000000001,M2_vs_M1,24,0.041666666666666664,23847,0.24927453930715729,0.0016942547383669898,0.24595386103932165,0.25259521757499293,0.046965987496337715,0.0011362728137100445,0.044738933704854038,0.049193041287821392,,,,,0,0,0,0,0,0,0,0,,,,,0.0049732530926111665,0.00042804030950586693,0.0041343095020482893,0.0058121966831740438,0.0049732530926111665,0.00042782559150414287,0.0041347303415985009,0.0058117758436238322,,,,,0.0049732530926111665,0.00042804030950586693,0.0041343095020482893,0.0058121966831740438,0.0049732530926111665,0.00042782559150414287,0.0041347303415985009,0.0058117758436238322,,,,,-0.25424779239976847,0.0016392927169719014,-0.25746074708515221,-0.25103483771438473,0.041992734403726556,0.0010526543451820601,0.039929569799000121,0.044055899008452991,,,,,0.25922104549237962,0.0016942547383669898,0.25590036722454401,0.26254172376021523,0.8796471853555512,0.0011362728137100447,0.87742013156406751,0.88187423914703489,,,,,0.25424779239976847,0.0016392927169719014,0.25103483771438473,0.25746074708515221,0.8746739322629401,0.0010526543451820603,0.87261076765821366,0.87673709686766654,,,,,Independent fixed-cell mean Monte Carlo normal interval; method metrics use binomial plug-in MCSE; paired deltas use sample variance of replicate differences,23,0.95833333333333337,,,,,,,,,,,,,,,,,,,,,,,,,,,,,0.296240526803495,0.0012723208208365656,0.29374682381787487,0.29873422978911512,0,0,0,0,0,0,0,0,0,0,0,0,0.296240526803495,0.0012723208208365656,0.29374682381787487,0.29873422978911512,0.62042613986317174,0.0012723208208365653,0.61793243687755162,0.62291984284879187,0.62042613986317174,0.0012723208208365653,0.61793243687755162,0.62291984284879187
TARGET_A,0.050000000000000003,M4_vs_M1,24,0.041666666666666664,23925,0.22987461159198433,0.0025441886711895529,0.22488809342657798,0.23486112975739068,0.053161586500232887,0.0012760207381385944,0.050660631809955024,0.055662541190510749,0.28303619809221719,0.0023580136443963735,0.27841457627414629,0.2876578199102881,-0.0093925818874551637,0.0007130101463446465,-0.010790056094902304,-0.0079951076800080234,0.002628379966472819,0.00032527665835817922,0.0019908494310792481,0.0032659105018663899,0.012020961853927982,0.00064926506868314359,0.010748425702889097,0.013293498004966868,-0.010879396649076714,0.0008423498070652156,-0.0125303719333088,-0.0092284213648446273,0.0059890751544442533,0.00047232964374927812,0.0050633260638650339,0.0069148242450234728,0.016868471803520968,0.00077302480029436916,0.015353371035787737,0.018383572571254198,-0.019520182315871226,0.0010630481408007194,-0.021603718385672901,-0.01743664624606955,0.0086174551209170728,0.00057349820996842142,0.0074934192841807773,0.0097414909576533683,0.028137637436788297,0.0009621534821253481,0.02625185126422281,0.030023423609353783,-0.20960263305545243,0.0023117667829208538,-0.21413361269063333,-0.20507165342027153,0.044544131379315809,0.0011398810145461585,0.042310005644144361,0.046778257114487257,0.25414676443476819,0.00215149156160248,0.2499299184609855,0.25836361040855088,0.19008245073958122,0.0025444718525218747,0.18509537754896244,0.1950695239302,0.71407332374160115,0.0012760207381385946,0.71157236905132326,0.71657427843187904,0.52399087300202007,0.0023568316152862106,0.51937156791843375,0.5286101780856064,0.21035442927611311,0.0023114550925660217,0.205824060542802,0.21488479800942423,0.7054558686206841,0.0011398810145461587,0.70322174288551265,0.70768999435585556,0.49510143934457113,0.0021527863396058455,0.49088205565253384,0.49932082303660841,Independent fixed-cell mean Monte Carlo normal interval; method metrics use binomial plug-in MCSE; paired deltas use sample variance of replicate differences,23,0.95833333333333337,,,,,,,,,,,,,,,,,,,,,,,,,,,,,,,,,,,,,,,,,,,,,,,,,,,,,,,,
TARGET_A,0.050000000000000003,M3_vs_M1,24,0.041666666666666664,23925,0.012238271115660079,0.0012302330923987064,0.009827058561969278,0.01464948366935088,0.053161586500232887,0.0012760207381385944,0.050660631809955024,0.055662541190510749,,,,,-0.0058436864553264023,0.00055184802848502626,-0.0069252887160964876,-0.004762084194556317,0.002628379966472819,0.00032527665835817922,0.0019908494310792481,0.0032659105018663899,,,,,-0.0022617714693582047,0.00048619490668358879,-0.0032146959759248514,-0.0013088469627915583,0.0059890751544442533,0.00047232964374927812,0.0050633260638650339,0.0069148242450234728,,,,,-0.0081054579246846066,0.00073466752474347355,-0.0095453798137930031,-0.0066655360355762092,0.0086174551209170728,0.00057349820996842142,0.0074934192841807773,0.0097414909576533683,,,,,-0.0041328131909754732,0.00098678117620888055,-0.0060668687569669522,-0.0021987576249839942,0.044544131379315809,0.0011398810145461585,0.042310005644144361,0.046778257114487257,,,,,-0.0039726447337091351,0.0012302330923987064,-0.006383857287399936,-0.0015614321800183342,0.71407332374160115,0.0012760207381385946,0.71157236905132326,0.71657427843187904,,,,,0.0041328131909754732,0.00098678117620888055,0.0021987576249839942,0.0060668687569669522,0.7054558686206841,0.0011398810145461587,0.70322174288551265,0.70768999435585556,,,,,Independent fixed-cell mean Monte Carlo normal interval; method metrics use binomial plug-in MCSE; paired deltas use sample variance of replicate differences,21,0.875,0.065399857615892967,0.0014396132001977047,0.062578267591837017,0.068221447639948918,0.0084720664217992209,0.00056189337587131437,0.0073707756419398168,0.0095733572016586249,0.0082508466238024585,0.00054819655708976097,0.0071764011154576719,0.0093252921321472452,0.016722913045601681,0.00078413031311306853,0.015186045872713952,0.01825978021848941,0.048676944570291279,0.0012073217542315211,0.046310637414245778,0.05104325172633678,0.71804596847531033,0.0014396132001977047,0.71522437845125442,0.72086755849936623,0.70132305542970874,0.0012073217542315211,0.69895674827366328,0.70368936258575421,,,,,,,,,,,,,,,,,,,,,,,,,,,,
TARGET_A,0.050000000000000003,M2_vs_M1,24,0.041666666666666664,23847,0.25125905206990012,0.0015803069614330871,0.24816170734097334,0.25435639679882688,0.052997627038606242,0.0012764499130114254,0.05049583118103456,0.055499422896177923,,,,,0.0025928689683508356,0.00032373832004297688,0.0019583535206510994,0.0032273844160505718,0.0025928689683508356,0.00032357581341644839,0.0019586720277863442,0.003227065908915327,,,,,0.0059720157521502082,0.00047302442686561084,0.0050449049116859102,0.0068991265926145063,0.0059720157521502082,0.00047278563502071909,0.0050453729351017003,0.0068986585691987162,,,,,0.0085648847205010443,0.00057320032124536402,0.0074414327349333412,0.0096883367060687474,0.0085648847205010443,0.00057291147982045253,0.0074419988537234114,0.0096877705872786771,,,,,-0.25982393679040117,0.0014726885224235599,-0.26271035325479686,-0.25693752032600548,0.044432742318105185,0.0011406563096379269,0.042197097032476483,0.046668387603733888,,,,,0.26838882151090221,0.0015803069614330871,0.26529147678197545,0.27148616623982896,0.71413214240239586,0.0012764499130114252,0.71163034654482415,0.71663393825996757,,,,,0.25982393679040117,0.0014726885224235599,0.25693752032600548,0.26271035325479686,0.70556725768189477,0.0011406563096379269,0.70333161239626607,0.70780290296752346,,,,,Independent fixed-cell mean Monte Carlo normal interval; method metrics use binomial plug-in MCSE; paired deltas use sample variance of replicate differences,19,0.79166666666666663,,,,,,,,,,,,,,,,,,,,,,,,,,,,,0.30425667910850634,0.0011303750374967679,0.30204118474598957,0.30647217347102312,0,0,0,0,0,0,0,0,0,0,0,0,0.30425667910850634,0.0011303750374967679,0.30204118474598957,0.30647217347102312,0.4457433208914936,0.0011303750374967681,0.44352782652897682,0.44795881525401038,0.4457433208914936,0.0011303750374967681,0.44352782652897682,0.44795881525401038
TARGET_A,0.10000000000000001,M4_vs_M1,24,0.041666666666666664,23925,0.13828824374215609,0.0021439195752562964,0.13408623858890334,0.14249024889540884,0.03283514755582554,0.0010443512435182711,0.030788256731320109,0.034882038380330972,0.17112339129798168,0.0019335253639027918,0.16733375122153751,0.17491303137442585,-0.016845404618892664,0.00090095715323879619,-0.01861124819085444,-0.01507956104693089,0.0029228070003284763,0.00034597238539883687,0.0022447135853013449,0.0036009004153556077,0.01976821161922114,0.00083483023793185873,0.018131974419669693,0.021404448818772587,-0.016910304648240046,0.0011909693019918107,-0.019244561586836802,-0.01457604770964329,0.013248658438836705,0.00068893359753875326,0.011898373399921136,0.014598943477752273,0.030158963087076746,0.0010099459326435186,0.028179505432762732,0.032138420741390755,-0.033630207259100577,0.0014349322173400783,-0.036442622725343335,-0.030817791792857822,0.016171465439165179,0.0007708621190032108,0.014660603448872657,0.017682327429457703,0.049801672698265763,0.001241199004620844,0.047368967351561944,0.052234378044969582,-0.10453253447502338,0.0015935371101066034,-0.10765580981886036,-0.1014092591311864,0.016663682116660365,0.00070458577428446475,0.015282719375043545,0.018044644858277184,0.12119621659168374,0.0014822642211328085,0.11829103210269112,0.12410140108067635,0.070902327215922809,0.0021443859236731197,0.066699408036568833,0.075105246395276784,0.4578411166558381,0.0010443512435182711,0.45579422583133267,0.45988800748034353,0.38693878943991528,0.0019333086122816049,0.38314957418884221,0.39072800469098834,0.10465803648305551,0.0015929095005073656,0.10153599123142938,0.10778008173468163,0.44166965121667295,0.00070458577428446486,0.44028868847505614,0.44305061395828976,0.33701161473361746,0.0014825469179029882,0.33410587616913673,0.33991735329809819,Independent fixed-cell mean Monte Carlo normal interval; method metrics use binomial plug-in MCSE; paired deltas use sample variance of replicate differences,21,0.875,,,,,,,,,,,,,,,,,,,,,,,,,,,,,,,,,,,,,,,,,,,,,,,,,,,,,,,,
TARGET_A,0.10000000000000001,M3_vs_M1,24,0.041666666666666664,23925,0.0082466600981377144,0.00099602225671074343,0.0062944923471843495,0.010198827849091079,0.03283514755582554,0.0010443512435182711,0.030788256731320109,0.034882038380330972,,,,,-0.0048036988417800011,0.00056183630964953411,-0.0059048777738999816,-0.0037025199096600205,0.0029228070003284763,0.00034597238539883687,0.0022447135853013449,0.0036009004153556077,,,,,-0.0043216006023463448,0.00071107565672067581,-0.0057152832798020364,-0.0029279179248906531,0.013248658438836705,0.00068893359753875326,0.011898373399921136,0.014598943477752273,,,,,-0.009125299444126345,0.00090571587000368777,-0.010900469929559935,-0.0073501289586927554,0.016171465439165179,0.0007708621190032108,0.014660603448872657,0.017682327429457703,,,,,0.00087863934598863148,0.00041441416323121098,6.6402511372154818e-05,0.0016908761806051081,0.016663682116660365,0.00070458577428446475,0.015282719375043545,0.018044644858277184,,,,,-0.010003938790114977,0.00099602225671074343,-0.011956106541068342,-0.0080517710391616124,0.4578411166558381,0.0010443512435182711,0.45579422583133267,0.45988800748034353,,,,,-0.00087863934598863148,0.00041441416323121098,-0.0016908761806051081,-6.6402511372154818e-05,0.44166965121667295,0.00070458577428446486,0.44028868847505614,0.44305061395828976,,,,,Independent fixed-cell mean Monte Carlo normal interval; method metrics use binomial plug-in MCSE; paired deltas use sample variance of replicate differences,21,0.875,0.041081807653963263,0.0011647247758500691,0.038798989041395643,0.043364626266530884,0.0077265058421084774,0.00055132427223978373,0.0066459301247157451,0.0088070815595012088,0.017570259041183051,0.00077158845007964827,0.01605797346813986,0.019082544614226243,0.025296764883291526,0.00094740582168866298,0.023439883594038171,0.027153646172544881,0.015785042770671737,0.0006774998247301786,0.014457167514668388,0.017112918026675087,0.46784505544595306,0.0011647247758500691,0.46556223683338543,0.47012787405852069,0.44254829056266159,0.0006774998247301786,0.44122041530665823,0.44387616581866496,,,,,,,,,,,,,,,,,,,,,,,,,,,,
TARGET_A,0.10000000000000001,M2_vs_M1,24,0.041666666666666664,23847,0.026848920600488501,0.0014022951481110566,0.02410047261449557,0.029597368586481432,0.032777843741353042,0.0010449180524750564,0.030729841991706197,0.034825845490999888,,,,,0.0029322510504857283,0.00034725320585637687,0.0022516472734911562,0.0036128548274803004,0.0029322510504857283,0.00034707860698425806,0.0022519894809922506,0.003612512619979206,,,,,0.013195744138407633,0.00068867533511793744,0.011845965284535423,0.014545522992279843,0.013237746826579676,0.00068957455534410488,0.011886205533450009,0.014589288119709344,,,,,0.016127995188893362,0.00077120650707754475,0.014616458210378439,0.017639532167408285,0.016169997877065401,0.00077193114770156767,0.014657040629025659,0.017682955125105142,,,,,-0.042976915789381863,0.0011711841041685388,-0.045272394452818006,-0.04068143712594572,0.016607845864287644,0.00070425566351745093,0.015227530127885082,0.017988161600690208,,,,,0.059104910978275221,0.0014022951481110566,0.056356462992282287,0.061853358964268156,0.45789548534611119,0.0010449180524750564,0.45584748359646432,0.45994348709575805,,,,,0.042976915789381863,0.0011711841041685388,0.04068143712594572,0.045272394452818006,0.44172548746904572,0.00070425566351745093,0.44034517173264315,0.44310580320544829,,,,,Independent fixed-cell mean Monte Carlo normal interval; method metrics use binomial plug-in MCSE; paired deltas use sample variance of replicate differences,16,0.66666666666666663,,,,,,,,,,,,,,,,,,,,,,,,,,,,,0.059626764341841554,0.0011915954168445566,0.05729128024068323,0.061962248442999877,0,0,0,0,4.2002688172043007e-05,4.1981512124227665e-05,-4.027956360797483e-05,0.00012428493995206085,4.2002688172043007e-05,4.1981512124227665e-05,-4.027956360797483e-05,0.00012428493995206085,0.059584761653669514,0.0011908556545966083,0.057250727459874293,0.061918795847464736,0.39879057436783588,0.0011915954168445566,0.39645509026667758,0.40112605846899418,0.39874857167966388,0.0011908556545966083,0.39641453748586863,0.40108260587345912
TARGET_A,0.20000000000000001,M4_vs_M1,24,0.041666666666666664,23925,0.015214025464650963,0.0012413567932285663,0.012781010857958838,0.017647040071343087,0.01727043605843261,0.0007557678989005798,0.015789158195915965,0.018751713920949254,0.032484461523083569,0.0010354625362285221,0.030454992244735163,0.034513930801431975,-0.0034295910661221556,0.00036923752884000658,-0.0041532833243891377,-0.0027058988078551734,0,0,0,0,0.0034295910661221556,0.0003690521664377325,0.0027062621114877184,0.0041529200207565927,-0.0052661815223684167,0.0010844844944512895,-0.0073917320732850723,-0.0031406309714517612,0.01727043605843261,0.0007557678989005798,0.015789158195915965,0.018751713920949254,0.022536617580801027,0.00084841935030301055,0.020873746210420256,0.024199488951181798,-0.0086957725884905732,0.0011287794687621889,-0.010908139693752719,-0.006483405483228428,0.01727043605843261,0.0007557678989005798,0.015789158195915965,0.018751713920949254,0.025966208646923183,0.00089756706819275715,0.02420700951955617,0.027725407774290195,-0.0065182528761603921,0.00051654970621970158,-0.0075306716965757529,-0.0055058340557450312,0,0,0,0,0.0065182528761603921,0.00051629063716928097,0.0055063418217533647,0.0075301639305674194,-0.0021775197123301789,0.0012413567932285663,-0.0046105343190223037,0.00025549489436194582,0.68393710272509922,0.0007557678989005798,0.68245582486258261,0.68541838058761584,0.68611462243742949,0.0010354625362285221,0.68408515315908114,0.68814409171577784,0.0065182528761603921,0.00051654970621970158,0.0055058340557450312,0.0075306716965757529,0.66666666666666663,0,0.66666666666666663,0.66666666666666663,0.66014841379050626,0.00051629063716928097,0.65913650273609925,0.66116032484491327,Independent fixed-cell mean Monte Carlo normal interval; method metrics use binomial plug-in MCSE; paired deltas use sample variance of replicate differences,23,0.95833333333333337,,,,,,,,,,,,,,,,,,,,,,,,,,,,,,,,,,,,,,,,,,,,,,,,,,,,,,,,
TARGET_A,0.20000000000000001,M3_vs_M1,24,0.041666666666666664,23925,-0.00075796297694115638,0.00067733077251872582,-0.0020855068966985513,0.00056958094281623847,0.01727043605843261,0.0007557678989005798,0.015789158195915965,0.018751713920949254,,,,,0,0,0,0,0,0,0,0,,,,,0.00075796297694115638,0.00067733077251872582,-0.00056958094281623847,0.0020855068966985513,0.01727043605843261,0.0007557678989005798,0.015789158195915965,0.018751713920949254,,,,,0.00075796297694115638,0.00067733077251872582,-0.00056958094281623847,0.0020855068966985513,0.01727043605843261,0.0007557678989005798,0.015789158195915965,0.018751713920949254,,,,,0,0,0,0,0,0,0,0,,,,,0.00075796297694115638,0.00067733077251872582,-0.00056958094281623847,0.0020855068966985513,0.68393710272509922,0.0007557678989005798,0.68245582486258261,0.68541838058761584,,,,,0,0,0,0,0.66666666666666663,0,0.66666666666666663,0.66666666666666663,,,,,Independent fixed-cell mean Monte Carlo normal interval; method metrics use binomial plug-in MCSE; paired deltas use sample variance of replicate differences,23,0.95833333333333337,0.016512473081491452,0.0007260228422809184,0.015089494458667448,0.017935451704315455,0,0,0,0,0.016512473081491452,0.0007260228422809184,0.015089494458667448,0.017935451704315455,0.016512473081491452,0.0007260228422809184,0.015089494458667448,0.017935451704315455,0,0,0,0,0.68317913974815825,0.0007260228422809184,0.68175616112533421,0.68460211837098228,0.66666666666666663,0,0.66666666666666663,0.66666666666666663,,,,,,,,,,,,,,,,,,,,,,,,,,,,
TARGET_A,0.20000000000000001,M2_vs_M1,24,0.041666666666666664,23847,-0.010935543715058929,0.00089293243398867923,-0.012685659126304431,-0.0091854283038134282,0.017332531945167529,0.00075809592396855854,0.015846691237362539,0.01881837265297252,,,,,0,0,0,0,0,0,0,0,,,,,0.016997186539399588,0.00075227486209774425,0.015522754903213174,0.018471618175586003,0.017332531945167529,0.00075809592396855854,0.015846691237362539,0.01881837265297252,,,,,0.016997186539399588,0.00075227486209774425,0.015522754903213174,0.018471618175586003,0.017332531945167529,0.00075809592396855854,0.015846691237362539,0.01881837265297252,,,,,-0.0060616428243406573,0.00048105183039332347,-0.0070044870866086415,-0.0051187985620726731,0,0,0,0,,,,,0.023058829363740246,0.00089293243398867923,0.021308713952494746,0.024808944774985745,0.68399919861183422,0.00075809592396855854,0.68251335790402923,0.68548503931963922,,,,,0.0060616428243406573,0.00048105183039332347,0.0051187985620726731,0.0070044870866086415,0.66666666666666663,0,0.66666666666666663,0.66666666666666663,,,,,Independent fixed-cell mean Monte Carlo normal interval; method metrics use binomial plug-in MCSE; paired deltas use sample variance of replicate differences,20,0.83333333333333337,,,,,,,,,,,,,,,,,,,,,,,,,,,,,0.0063969882301085981,0.00049509698420867646,0.0054266159722051966,0.0073673604880119996,0,0,0,0,0.00033534540576794103,0.00011808442866406529,0.00010390417845138384,0.00056678663308449824,0.00033534540576794103,0.00011808442866406529,0.00010390417845138384,0.00056678663308449824,0.0060616428243406573,0.00048080878889596819,0.0051192749146542378,0.0070040107340270767,0.66094036924809396,0.00049509698420867646,0.65996999699019054,0.66191074150599738,0.660605023842326,0.00048080878889596819,0.65966265593263962,0.66154739175201238
