generator,learner,delta,estimable_seed_count,hospital_count,total_hospital_pairs,discordant_hospital_pairs,destination_pair_discordance_rate,seed_rate_distribution_json,seed_reversal_count,seed_reversal_proportion,unanimous_qualified_seed_count,unanimous_qualified_seed_proportion,unanimous_not_qualified_seed_count,unanimous_not_qualified_seed_proportion,seed_rate_min,seed_rate_Q1,seed_rate_median,seed_rate_Q3,seed_rate_max
GaussianCopula,LR_L2,0.025000000000000001,15,85,53550,15078,0.28156862745098038,"[{""seed"": 42, ""qualified_count"": 15, ""pair_denominator"": 3570, ""discordant_pair_count"": 1050, ""pair_discordance_rate"": 0.29411764705882354}, {""seed"": 43, ""qualified_count"": 14, ""pair_denominator"": 3570, ""discordant_pair_count"": 994, ""pair_discordance_rate"": 0.2784313725490196}, {""seed"": 44, ""qualified_count"": 14, ""pair_denominator"": 3570, ""discordant_pair_count"": 994, ""pair_discordance_rate"": 0.2784313725490196}, {""seed"": 45, ""qualified_count"": 14, ""pair_denominator"": 3570, ""discordant_pair_count"": 994, ""pair_discordance_rate"": 0.2784313725490196}, {""seed"": 46, ""qualified_count"": 14, ""pair_denominator"": 3570, ""discordant_pair_count"": 994, ""pair_discordance_rate"": 0.2784313725490196}, {""seed"": 47, ""qualified_count"": 14, ""pair_denominator"": 3570, ""discordant_pair_count"": 994, ""pair_discordance_rate"": 0.2784313725490196}, {""seed"": 48, ""qualified_count"": 15, ""pair_denominator"": 3570, ""discordant_pair_count"": 1050, ""pair_discordance_rate"": 0.29411764705882354}, {""seed"": 49, ""qualified_count"": 14, ""pair_denominator"": 3570, ""discordant_pair_count"": 994, ""pair_discordance_rate"": 0.2784313725490196}, {""seed"": 50, ""qualified_count"": 14, ""pair_denominator"": 3570, ""discordant_pair_count"": 994, ""pair_discordance_rate"": 0.2784313725490196}, {""seed"": 51, ""qualified_count"": 14, ""pair_denominator"": 3570, ""discordant_pair_count"": 994, ""pair_discordance_rate"": 0.2784313725490196}, {""seed"": 52, ""qualified_count"": 14, ""pair_denominator"": 3570, ""discordant_pair_count"": 994, ""pair_discordance_rate"": 0.2784313725490196}, {""seed"": 53, ""qualified_count"": 14, ""pair_denominator"": 3570, ""discordant_pair_count"": 994, ""pair_discordance_rate"": 0.2784313725490196}, {""seed"": 54, ""qualified_count"": 15, ""pair_denominator"": 3570, ""discordant_pair_count"": 1050, ""pair_discordance_rate"": 0.29411764705882354}, {""seed"": 55, ""qualified_count"": 14, ""pair_denominator"": 3570, ""discordant_pair_count"": 994, ""pair_discordance_rate"": 0.2784313725490196}, {""seed"": 56, ""qualified_count"": 14, ""pair_denominator"": 3570, ""discordant_pair_count"": 994, ""pair_discordance_rate"": 0.2784313725490196}]",15,1,0,0,0,0,0.27843137254901962,0.27843137254901962,0.27843137254901962,0.27843137254901962,0.29411764705882354
GaussianCopula,LR_L2,0.050000000000000003,15,85,53550,15078,0.28156862745098038,"[{""seed"": 42, ""qualified_count"": 15, ""pair_denominator"": 3570, ""discordant_pair_count"": 1050, ""pair_discordance_rate"": 0.29411764705882354}, {""seed"": 43, ""qualified_count"": 14, ""pair_denominator"": 3570, ""discordant_pair_count"": 994, ""pair_discordance_rate"": 0.2784313725490196}, {""seed"": 44, ""qualified_count"": 14, ""pair_denominator"": 3570, ""discordant_pair_count"": 994, ""pair_discordance_rate"": 0.2784313725490196}, {""seed"": 45, ""qualified_count"": 14, ""pair_denominator"": 3570, ""discordant_pair_count"": 994, ""pair_discordance_rate"": 0.2784313725490196}, {""seed"": 46, ""qualified_count"": 14, ""pair_denominator"": 3570, ""discordant_pair_count"": 994, ""pair_discordance_rate"": 0.2784313725490196}, {""seed"": 47, ""qualified_count"": 14, ""pair_denominator"": 3570, ""discordant_pair_count"": 994, ""pair_discordance_rate"": 0.2784313725490196}, {""seed"": 48, ""qualified_count"": 15, ""pair_denominator"": 3570, ""discordant_pair_count"": 1050, ""pair_discordance_rate"": 0.29411764705882354}, {""seed"": 49, ""qualified_count"": 14, ""pair_denominator"": 3570, ""discordant_pair_count"": 994, ""pair_discordance_rate"": 0.2784313725490196}, {""seed"": 50, ""qualified_count"": 14, ""pair_denominator"": 3570, ""discordant_pair_count"": 994, ""pair_discordance_rate"": 0.2784313725490196}, {""seed"": 51, ""qualified_count"": 14, ""pair_denominator"": 3570, ""discordant_pair_count"": 994, ""pair_discordance_rate"": 0.2784313725490196}, {""seed"": 52, ""qualified_count"": 14, ""pair_denominator"": 3570, ""discordant_pair_count"": 994, ""pair_discordance_rate"": 0.2784313725490196}, {""seed"": 53, ""qualified_count"": 14, ""pair_denominator"": 3570, ""discordant_pair_count"": 994, ""pair_discordance_rate"": 0.2784313725490196}, {""seed"": 54, ""qualified_count"": 15, ""pair_denominator"": 3570, ""discordant_pair_count"": 1050, ""pair_discordance_rate"": 0.29411764705882354}, {""seed"": 55, ""qualified_count"": 14, ""pair_denominator"": 3570, ""discordant_pair_count"": 994, ""pair_discordance_rate"": 0.2784313725490196}, {""seed"": 56, ""qualified_count"": 14, ""pair_denominator"": 3570, ""discordant_pair_count"": 994, ""pair_discordance_rate"": 0.2784313725490196}]",15,1,0,0,0,0,0.27843137254901962,0.27843137254901962,0.27843137254901962,0.27843137254901962,0.29411764705882354
GaussianCopula,LR_L2,0.10000000000000001,15,85,53550,24108,0.45019607843137255,"[{""seed"": 42, ""qualified_count"": 29, ""pair_denominator"": 3570, ""discordant_pair_count"": 1624, ""pair_discordance_rate"": 0.4549019607843137}, {""seed"": 43, ""qualified_count"": 29, ""pair_denominator"": 3570, ""discordant_pair_count"": 1624, ""pair_discordance_rate"": 0.4549019607843137}, {""seed"": 44, ""qualified_count"": 28, ""pair_denominator"": 3570, ""discordant_pair_count"": 1596, ""pair_discordance_rate"": 0.4470588235294118}, {""seed"": 45, ""qualified_count"": 28, ""pair_denominator"": 3570, ""discordant_pair_count"": 1596, ""pair_discordance_rate"": 0.4470588235294118}, {""seed"": 46, ""qualified_count"": 28, ""pair_denominator"": 3570, ""discordant_pair_count"": 1596, ""pair_discordance_rate"": 0.4470588235294118}, {""seed"": 47, ""qualified_count"": 28, ""pair_denominator"": 3570, ""discordant_pair_count"": 1596, ""pair_discordance_rate"": 0.4470588235294118}, {""seed"": 48, ""qualified_count"": 29, ""pair_denominator"": 3570, ""discordant_pair_count"": 1624, ""pair_discordance_rate"": 0.4549019607843137}, {""seed"": 49, ""qualified_count"": 29, ""pair_denominator"": 3570, ""discordant_pair_count"": 1624, ""pair_discordance_rate"": 0.4549019607843137}, {""seed"": 50, ""qualified_count"": 28, ""pair_denominator"": 3570, ""discordant_pair_count"": 1596, ""pair_discordance_rate"": 0.4470588235294118}, {""seed"": 51, ""qualified_count"": 28, ""pair_denominator"": 3570, ""discordant_pair_count"": 1596, ""pair_discordance_rate"": 0.4470588235294118}, {""seed"": 52, ""qualified_count"": 28, ""pair_denominator"": 3570, ""discordant_pair_count"": 1596, ""pair_discordance_rate"": 0.4470588235294118}, {""seed"": 53, ""qualified_count"": 28, ""pair_denominator"": 3570, ""discordant_pair_count"": 1596, ""pair_discordance_rate"": 0.4470588235294118}, {""seed"": 54, ""qualified_count"": 29, ""pair_denominator"": 3570, ""discordant_pair_count"": 1624, ""pair_discordance_rate"": 0.4549019607843137}, {""seed"": 55, ""qualified_count"": 29, ""pair_denominator"": 3570, ""discordant_pair_count"": 1624, ""pair_discordance_rate"": 0.4549019607843137}, {""seed"": 56, ""qualified_count"": 28, ""pair_denominator"": 3570, ""discordant_pair_count"": 1596, ""pair_discordance_rate"": 0.4470588235294118}]",15,1,0,0,0,0,0.44705882352941179,0.44705882352941179,0.44705882352941179,0.45490196078431372,0.45490196078431372
GaussianCopula,LR_L2,0.20000000000000001,15,85,53550,27090,0.50588235294117645,"[{""seed"": 42, ""qualified_count"": 43, ""pair_denominator"": 3570, ""discordant_pair_count"": 1806, ""pair_discordance_rate"": 0.5058823529411764}, {""seed"": 43, ""qualified_count"": 43, ""pair_denominator"": 3570, ""discordant_pair_count"": 1806, ""pair_discordance_rate"": 0.5058823529411764}, {""seed"": 44, ""qualified_count"": 43, ""pair_denominator"": 3570, ""discordant_pair_count"": 1806, ""pair_discordance_rate"": 0.5058823529411764}, {""seed"": 45, ""qualified_count"": 42, ""pair_denominator"": 3570, ""discordant_pair_count"": 1806, ""pair_discordance_rate"": 0.5058823529411764}, {""seed"": 46, ""qualified_count"": 42, ""pair_denominator"": 3570, ""discordant_pair_count"": 1806, ""pair_discordance_rate"": 0.5058823529411764}, {""seed"": 47, ""qualified_count"": 42, ""pair_denominator"": 3570, ""discordant_pair_count"": 1806, ""pair_discordance_rate"": 0.5058823529411764}, {""seed"": 48, ""qualified_count"": 43, ""pair_denominator"": 3570, ""discordant_pair_count"": 1806, ""pair_discordance_rate"": 0.5058823529411764}, {""seed"": 49, ""qualified_count"": 43, ""pair_denominator"": 3570, ""discordant_pair_count"": 1806, ""pair_discordance_rate"": 0.5058823529411764}, {""seed"": 50, ""qualified_count"": 43, ""pair_denominator"": 3570, ""discordant_pair_count"": 1806, ""pair_discordance_rate"": 0.5058823529411764}, {""seed"": 51, ""qualified_count"": 42, ""pair_denominator"": 3570, ""discordant_pair_count"": 1806, ""pair_discordance_rate"": 0.5058823529411764}, {""seed"": 52, ""qualified_count"": 42, ""pair_denominator"": 3570, ""discordant_pair_count"": 1806, ""pair_discordance_rate"": 0.5058823529411764}, {""seed"": 53, ""qualified_count"": 42, ""pair_denominator"": 3570, ""discordant_pair_count"": 1806, ""pair_discordance_rate"": 0.5058823529411764}, {""seed"": 54, ""qualified_count"": 43, ""pair_denominator"": 3570, ""discordant_pair_count"": 1806, ""pair_discordance_rate"": 0.5058823529411764}, {""seed"": 55, ""qualified_count"": 43, ""pair_denominator"": 3570, ""discordant_pair_count"": 1806, ""pair_discordance_rate"": 0.5058823529411764}, {""seed"": 56, ""qualified_count"": 43, ""pair_denominator"": 3570, ""discordant_pair_count"": 1806, ""pair_discordance_rate"": 0.5058823529411764}]",15,1,0,0,0,0,0.50588235294117645,0.50588235294117645,0.50588235294117645,0.50588235294117645,0.50588235294117645
GaussianCopula,XGBoost,0.025000000000000001,15,85,53550,15078,0.28156862745098038,"[{""seed"": 42, ""qualified_count"": 15, ""pair_denominator"": 3570, ""discordant_pair_count"": 1050, ""pair_discordance_rate"": 0.29411764705882354}, {""seed"": 43, ""qualified_count"": 14, ""pair_denominator"": 3570, ""discordant_pair_count"": 994, ""pair_discordance_rate"": 0.2784313725490196}, {""seed"": 44, ""qualified_count"": 14, ""pair_denominator"": 3570, ""discordant_pair_count"": 994, ""pair_discordance_rate"": 0.2784313725490196}, {""seed"": 45, ""qualified_count"": 14, ""pair_denominator"": 3570, ""discordant_pair_count"": 994, ""pair_discordance_rate"": 0.2784313725490196}, {""seed"": 46, ""qualified_count"": 14, ""pair_denominator"": 3570, ""discordant_pair_count"": 994, ""pair_discordance_rate"": 0.2784313725490196}, {""seed"": 47, ""qualified_count"": 14, ""pair_denominator"": 3570, ""discordant_pair_count"": 994, ""pair_discordance_rate"": 0.2784313725490196}, {""seed"": 48, ""qualified_count"": 15, ""pair_denominator"": 3570, ""discordant_pair_count"": 1050, ""pair_discordance_rate"": 0.29411764705882354}, {""seed"": 49, ""qualified_count"": 14, ""pair_denominator"": 3570, ""discordant_pair_count"": 994, ""pair_discordance_rate"": 0.2784313725490196}, {""seed"": 50, ""qualified_count"": 14, ""pair_denominator"": 3570, ""discordant_pair_count"": 994, ""pair_discordance_rate"": 0.2784313725490196}, {""seed"": 51, ""qualified_count"": 14, ""pair_denominator"": 3570, ""discordant_pair_count"": 994, ""pair_discordance_rate"": 0.2784313725490196}, {""seed"": 52, ""qualified_count"": 14, ""pair_denominator"": 3570, ""discordant_pair_count"": 994, ""pair_discordance_rate"": 0.2784313725490196}, {""seed"": 53, ""qualified_count"": 14, ""pair_denominator"": 3570, ""discordant_pair_count"": 994, ""pair_discordance_rate"": 0.2784313725490196}, {""seed"": 54, ""qualified_count"": 15, ""pair_denominator"": 3570, ""discordant_pair_count"": 1050, ""pair_discordance_rate"": 0.29411764705882354}, {""seed"": 55, ""qualified_count"": 14, ""pair_denominator"": 3570, ""discordant_pair_count"": 994, ""pair_discordance_rate"": 0.2784313725490196}, {""seed"": 56, ""qualified_count"": 14, ""pair_denominator"": 3570, ""discordant_pair_count"": 994, ""pair_discordance_rate"": 0.2784313725490196}]",15,1,0,0,0,0,0.27843137254901962,0.27843137254901962,0.27843137254901962,0.27843137254901962,0.29411764705882354
GaussianCopula,XGBoost,0.050000000000000003,15,85,53550,15078,0.28156862745098038,"[{""seed"": 42, ""qualified_count"": 15, ""pair_denominator"": 3570, ""discordant_pair_count"": 1050, ""pair_discordance_rate"": 0.29411764705882354}, {""seed"": 43, ""qualified_count"": 14, ""pair_denominator"": 3570, ""discordant_pair_count"": 994, ""pair_discordance_rate"": 0.2784313725490196}, {""seed"": 44, ""qualified_count"": 14, ""pair_denominator"": 3570, ""discordant_pair_count"": 994, ""pair_discordance_rate"": 0.2784313725490196}, {""seed"": 45, ""qualified_count"": 14, ""pair_denominator"": 3570, ""discordant_pair_count"": 994, ""pair_discordance_rate"": 0.2784313725490196}, {""seed"": 46, ""qualified_count"": 14, ""pair_denominator"": 3570, ""discordant_pair_count"": 994, ""pair_discordance_rate"": 0.2784313725490196}, {""seed"": 47, ""qualified_count"": 14, ""pair_denominator"": 3570, ""discordant_pair_count"": 994, ""pair_discordance_rate"": 0.2784313725490196}, {""seed"": 48, ""qualified_count"": 15, ""pair_denominator"": 3570, ""discordant_pair_count"": 1050, ""pair_discordance_rate"": 0.29411764705882354}, {""seed"": 49, ""qualified_count"": 14, ""pair_denominator"": 3570, ""discordant_pair_count"": 994, ""pair_discordance_rate"": 0.2784313725490196}, {""seed"": 50, ""qualified_count"": 14, ""pair_denominator"": 3570, ""discordant_pair_count"": 994, ""pair_discordance_rate"": 0.2784313725490196}, {""seed"": 51, ""qualified_count"": 14, ""pair_denominator"": 3570, ""discordant_pair_count"": 994, ""pair_discordance_rate"": 0.2784313725490196}, {""seed"": 52, ""qualified_count"": 14, ""pair_denominator"": 3570, ""discordant_pair_count"": 994, ""pair_discordance_rate"": 0.2784313725490196}, {""seed"": 53, ""qualified_count"": 14, ""pair_denominator"": 3570, ""discordant_pair_count"": 994, ""pair_discordance_rate"": 0.2784313725490196}, {""seed"": 54, ""qualified_count"": 15, ""pair_denominator"": 3570, ""discordant_pair_count"": 1050, ""pair_discordance_rate"": 0.29411764705882354}, {""seed"": 55, ""qualified_count"": 14, ""pair_denominator"": 3570, ""discordant_pair_count"": 994, ""pair_discordance_rate"": 0.2784313725490196}, {""seed"": 56, ""qualified_count"": 14, ""pair_denominator"": 3570, ""discordant_pair_count"": 994, ""pair_discordance_rate"": 0.2784313725490196}]",15,1,0,0,0,0,0.27843137254901962,0.27843137254901962,0.27843137254901962,0.27843137254901962,0.29411764705882354
GaussianCopula,XGBoost,0.10000000000000001,15,85,53550,24108,0.45019607843137255,"[{""seed"": 42, ""qualified_count"": 29, ""pair_denominator"": 3570, ""discordant_pair_count"": 1624, ""pair_discordance_rate"": 0.4549019607843137}, {""seed"": 43, ""qualified_count"": 29, ""pair_denominator"": 3570, ""discordant_pair_count"": 1624, ""pair_discordance_rate"": 0.4549019607843137}, {""seed"": 44, ""qualified_count"": 28, ""pair_denominator"": 3570, ""discordant_pair_count"": 1596, ""pair_discordance_rate"": 0.4470588235294118}, {""seed"": 45, ""qualified_count"": 28, ""pair_denominator"": 3570, ""discordant_pair_count"": 1596, ""pair_discordance_rate"": 0.4470588235294118}, {""seed"": 46, ""qualified_count"": 28, ""pair_denominator"": 3570, ""discordant_pair_count"": 1596, ""pair_discordance_rate"": 0.4470588235294118}, {""seed"": 47, ""qualified_count"": 28, ""pair_denominator"": 3570, ""discordant_pair_count"": 1596, ""pair_discordance_rate"": 0.4470588235294118}, {""seed"": 48, ""qualified_count"": 29, ""pair_denominator"": 3570, ""discordant_pair_count"": 1624, ""pair_discordance_rate"": 0.4549019607843137}, {""seed"": 49, ""qualified_count"": 29, ""pair_denominator"": 3570, ""discordant_pair_count"": 1624, ""pair_discordance_rate"": 0.4549019607843137}, {""seed"": 50, ""qualified_count"": 28, ""pair_denominator"": 3570, ""discordant_pair_count"": 1596, ""pair_discordance_rate"": 0.4470588235294118}, {""seed"": 51, ""qualified_count"": 28, ""pair_denominator"": 3570, ""discordant_pair_count"": 1596, ""pair_discordance_rate"": 0.4470588235294118}, {""seed"": 52, ""qualified_count"": 28, ""pair_denominator"": 3570, ""discordant_pair_count"": 1596, ""pair_discordance_rate"": 0.4470588235294118}, {""seed"": 53, ""qualified_count"": 28, ""pair_denominator"": 3570, ""discordant_pair_count"": 1596, ""pair_discordance_rate"": 0.4470588235294118}, {""seed"": 54, ""qualified_count"": 29, ""pair_denominator"": 3570, ""discordant_pair_count"": 1624, ""pair_discordance_rate"": 0.4549019607843137}, {""seed"": 55, ""qualified_count"": 29, ""pair_denominator"": 3570, ""discordant_pair_count"": 1624, ""pair_discordance_rate"": 0.4549019607843137}, {""seed"": 56, ""qualified_count"": 28, ""pair_denominator"": 3570, ""discordant_pair_count"": 1596, ""pair_discordance_rate"": 0.4470588235294118}]",15,1,0,0,0,0,0.44705882352941179,0.44705882352941179,0.44705882352941179,0.45490196078431372,0.45490196078431372
GaussianCopula,XGBoost,0.20000000000000001,15,85,53550,27090,0.50588235294117645,"[{""seed"": 42, ""qualified_count"": 43, ""pair_denominator"": 3570, ""discordant_pair_count"": 1806, ""pair_discordance_rate"": 0.5058823529411764}, {""seed"": 43, ""qualified_count"": 43, ""pair_denominator"": 3570, ""discordant_pair_count"": 1806, ""pair_discordance_rate"": 0.5058823529411764}, {""seed"": 44, ""qualified_count"": 43, ""pair_denominator"": 3570, ""discordant_pair_count"": 1806, ""pair_discordance_rate"": 0.5058823529411764}, {""seed"": 45, ""qualified_count"": 42, ""pair_denominator"": 3570, ""discordant_pair_count"": 1806, ""pair_discordance_rate"": 0.5058823529411764}, {""seed"": 46, ""qualified_count"": 42, ""pair_denominator"": 3570, ""discordant_pair_count"": 1806, ""pair_discordance_rate"": 0.5058823529411764}, {""seed"": 47, ""qualified_count"": 42, ""pair_denominator"": 3570, ""discordant_pair_count"": 1806, ""pair_discordance_rate"": 0.5058823529411764}, {""seed"": 48, ""qualified_count"": 43, ""pair_denominator"": 3570, ""discordant_pair_count"": 1806, ""pair_discordance_rate"": 0.5058823529411764}, {""seed"": 49, ""qualified_count"": 43, ""pair_denominator"": 3570, ""discordant_pair_count"": 1806, ""pair_discordance_rate"": 0.5058823529411764}, {""seed"": 50, ""qualified_count"": 43, ""pair_denominator"": 3570, ""discordant_pair_count"": 1806, ""pair_discordance_rate"": 0.5058823529411764}, {""seed"": 51, ""qualified_count"": 42, ""pair_denominator"": 3570, ""discordant_pair_count"": 1806, ""pair_discordance_rate"": 0.5058823529411764}, {""seed"": 52, ""qualified_count"": 42, ""pair_denominator"": 3570, ""discordant_pair_count"": 1806, ""pair_discordance_rate"": 0.5058823529411764}, {""seed"": 53, ""qualified_count"": 42, ""pair_denominator"": 3570, ""discordant_pair_count"": 1806, ""pair_discordance_rate"": 0.5058823529411764}, {""seed"": 54, ""qualified_count"": 43, ""pair_denominator"": 3570, ""discordant_pair_count"": 1806, ""pair_discordance_rate"": 0.5058823529411764}, {""seed"": 55, ""qualified_count"": 43, ""pair_denominator"": 3570, ""discordant_pair_count"": 1806, ""pair_discordance_rate"": 0.5058823529411764}, {""seed"": 56, ""qualified_count"": 43, ""pair_denominator"": 3570, ""discordant_pair_count"": 1806, ""pair_discordance_rate"": 0.5058823529411764}]",15,1,0,0,0,0,0.50588235294117645,0.50588235294117645,0.50588235294117645,0.50588235294117645,0.50588235294117645
CTGAN,LR_L2,0.025000000000000001,15,85,53550,15078,0.28156862745098038,"[{""seed"": 42, ""qualified_count"": 15, ""pair_denominator"": 3570, ""discordant_pair_count"": 1050, ""pair_discordance_rate"": 0.29411764705882354}, {""seed"": 43, ""qualified_count"": 14, ""pair_denominator"": 3570, ""discordant_pair_count"": 994, ""pair_discordance_rate"": 0.2784313725490196}, {""seed"": 44, ""qualified_count"": 14, ""pair_denominator"": 3570, ""discordant_pair_count"": 994, ""pair_discordance_rate"": 0.2784313725490196}, {""seed"": 45, ""qualified_count"": 14, ""pair_denominator"": 3570, ""discordant_pair_count"": 994, ""pair_discordance_rate"": 0.2784313725490196}, {""seed"": 46, ""qualified_count"": 14, ""pair_denominator"": 3570, ""discordant_pair_count"": 994, ""pair_discordance_rate"": 0.2784313725490196}, {""seed"": 47, ""qualified_count"": 14, ""pair_denominator"": 3570, ""discordant_pair_count"": 994, ""pair_discordance_rate"": 0.2784313725490196}, {""seed"": 48, ""qualified_count"": 15, ""pair_denominator"": 3570, ""discordant_pair_count"": 1050, ""pair_discordance_rate"": 0.29411764705882354}, {""seed"": 49, ""qualified_count"": 14, ""pair_denominator"": 3570, ""discordant_pair_count"": 994, ""pair_discordance_rate"": 0.2784313725490196}, {""seed"": 50, ""qualified_count"": 14, ""pair_denominator"": 3570, ""discordant_pair_count"": 994, ""pair_discordance_rate"": 0.2784313725490196}, {""seed"": 51, ""qualified_count"": 14, ""pair_denominator"": 3570, ""discordant_pair_count"": 994, ""pair_discordance_rate"": 0.2784313725490196}, {""seed"": 52, ""qualified_count"": 14, ""pair_denominator"": 3570, ""discordant_pair_count"": 994, ""pair_discordance_rate"": 0.2784313725490196}, {""seed"": 53, ""qualified_count"": 14, ""pair_denominator"": 3570, ""discordant_pair_count"": 994, ""pair_discordance_rate"": 0.2784313725490196}, {""seed"": 54, ""qualified_count"": 15, ""pair_denominator"": 3570, ""discordant_pair_count"": 1050, ""pair_discordance_rate"": 0.29411764705882354}, {""seed"": 55, ""qualified_count"": 14, ""pair_denominator"": 3570, ""discordant_pair_count"": 994, ""pair_discordance_rate"": 0.2784313725490196}, {""seed"": 56, ""qualified_count"": 14, ""pair_denominator"": 3570, ""discordant_pair_count"": 994, ""pair_discordance_rate"": 0.2784313725490196}]",15,1,0,0,0,0,0.27843137254901962,0.27843137254901962,0.27843137254901962,0.27843137254901962,0.29411764705882354
CTGAN,LR_L2,0.050000000000000003,15,85,53550,15078,0.28156862745098038,"[{""seed"": 42, ""qualified_count"": 15, ""pair_denominator"": 3570, ""discordant_pair_count"": 1050, ""pair_discordance_rate"": 0.29411764705882354}, {""seed"": 43, ""qualified_count"": 14, ""pair_denominator"": 3570, ""discordant_pair_count"": 994, ""pair_discordance_rate"": 0.2784313725490196}, {""seed"": 44, ""qualified_count"": 14, ""pair_denominator"": 3570, ""discordant_pair_count"": 994, ""pair_discordance_rate"": 0.2784313725490196}, {""seed"": 45, ""qualified_count"": 14, ""pair_denominator"": 3570, ""discordant_pair_count"": 994, ""pair_discordance_rate"": 0.2784313725490196}, {""seed"": 46, ""qualified_count"": 14, ""pair_denominator"": 3570, ""discordant_pair_count"": 994, ""pair_discordance_rate"": 0.2784313725490196}, {""seed"": 47, ""qualified_count"": 14, ""pair_denominator"": 3570, ""discordant_pair_count"": 994, ""pair_discordance_rate"": 0.2784313725490196}, {""seed"": 48, ""qualified_count"": 15, ""pair_denominator"": 3570, ""discordant_pair_count"": 1050, ""pair_discordance_rate"": 0.29411764705882354}, {""seed"": 49, ""qualified_count"": 14, ""pair_denominator"": 3570, ""discordant_pair_count"": 994, ""pair_discordance_rate"": 0.2784313725490196}, {""seed"": 50, ""qualified_count"": 14, ""pair_denominator"": 3570, ""discordant_pair_count"": 994, ""pair_discordance_rate"": 0.2784313725490196}, {""seed"": 51, ""qualified_count"": 14, ""pair_denominator"": 3570, ""discordant_pair_count"": 994, ""pair_discordance_rate"": 0.2784313725490196}, {""seed"": 52, ""qualified_count"": 14, ""pair_denominator"": 3570, ""discordant_pair_count"": 994, ""pair_discordance_rate"": 0.2784313725490196}, {""seed"": 53, ""qualified_count"": 14, ""pair_denominator"": 3570, ""discordant_pair_count"": 994, ""pair_discordance_rate"": 0.2784313725490196}, {""seed"": 54, ""qualified_count"": 15, ""pair_denominator"": 3570, ""discordant_pair_count"": 1050, ""pair_discordance_rate"": 0.29411764705882354}, {""seed"": 55, ""qualified_count"": 14, ""pair_denominator"": 3570, ""discordant_pair_count"": 994, ""pair_discordance_rate"": 0.2784313725490196}, {""seed"": 56, ""qualified_count"": 14, ""pair_denominator"": 3570, ""discordant_pair_count"": 994, ""pair_discordance_rate"": 0.2784313725490196}]",15,1,0,0,0,0,0.27843137254901962,0.27843137254901962,0.27843137254901962,0.27843137254901962,0.29411764705882354
CTGAN,LR_L2,0.10000000000000001,15,85,53550,24108,0.45019607843137255,"[{""seed"": 42, ""qualified_count"": 29, ""pair_denominator"": 3570, ""discordant_pair_count"": 1624, ""pair_discordance_rate"": 0.4549019607843137}, {""seed"": 43, ""qualified_count"": 29, ""pair_denominator"": 3570, ""discordant_pair_count"": 1624, ""pair_discordance_rate"": 0.4549019607843137}, {""seed"": 44, ""qualified_count"": 28, ""pair_denominator"": 3570, ""discordant_pair_count"": 1596, ""pair_discordance_rate"": 0.4470588235294118}, {""seed"": 45, ""qualified_count"": 28, ""pair_denominator"": 3570, ""discordant_pair_count"": 1596, ""pair_discordance_rate"": 0.4470588235294118}, {""seed"": 46, ""qualified_count"": 28, ""pair_denominator"": 3570, ""discordant_pair_count"": 1596, ""pair_discordance_rate"": 0.4470588235294118}, {""seed"": 47, ""qualified_count"": 28, ""pair_denominator"": 3570, ""discordant_pair_count"": 1596, ""pair_discordance_rate"": 0.4470588235294118}, {""seed"": 48, ""qualified_count"": 29, ""pair_denominator"": 3570, ""discordant_pair_count"": 1624, ""pair_discordance_rate"": 0.4549019607843137}, {""seed"": 49, ""qualified_count"": 29, ""pair_denominator"": 3570, ""discordant_pair_count"": 1624, ""pair_discordance_rate"": 0.4549019607843137}, {""seed"": 50, ""qualified_count"": 28, ""pair_denominator"": 3570, ""discordant_pair_count"": 1596, ""pair_discordance_rate"": 0.4470588235294118}, {""seed"": 51, ""qualified_count"": 28, ""pair_denominator"": 3570, ""discordant_pair_count"": 1596, ""pair_discordance_rate"": 0.4470588235294118}, {""seed"": 52, ""qualified_count"": 28, ""pair_denominator"": 3570, ""discordant_pair_count"": 1596, ""pair_discordance_rate"": 0.4470588235294118}, {""seed"": 53, ""qualified_count"": 28, ""pair_denominator"": 3570, ""discordant_pair_count"": 1596, ""pair_discordance_rate"": 0.4470588235294118}, {""seed"": 54, ""qualified_count"": 29, ""pair_denominator"": 3570, ""discordant_pair_count"": 1624, ""pair_discordance_rate"": 0.4549019607843137}, {""seed"": 55, ""qualified_count"": 29, ""pair_denominator"": 3570, ""discordant_pair_count"": 1624, ""pair_discordance_rate"": 0.4549019607843137}, {""seed"": 56, ""qualified_count"": 28, ""pair_denominator"": 3570, ""discordant_pair_count"": 1596, ""pair_discordance_rate"": 0.4470588235294118}]",15,1,0,0,0,0,0.44705882352941179,0.44705882352941179,0.44705882352941179,0.45490196078431372,0.45490196078431372
CTGAN,LR_L2,0.20000000000000001,15,85,53550,27090,0.50588235294117645,"[{""seed"": 42, ""qualified_count"": 43, ""pair_denominator"": 3570, ""discordant_pair_count"": 1806, ""pair_discordance_rate"": 0.5058823529411764}, {""seed"": 43, ""qualified_count"": 43, ""pair_denominator"": 3570, ""discordant_pair_count"": 1806, ""pair_discordance_rate"": 0.5058823529411764}, {""seed"": 44, ""qualified_count"": 43, ""pair_denominator"": 3570, ""discordant_pair_count"": 1806, ""pair_discordance_rate"": 0.5058823529411764}, {""seed"": 45, ""qualified_count"": 42, ""pair_denominator"": 3570, ""discordant_pair_count"": 1806, ""pair_discordance_rate"": 0.5058823529411764}, {""seed"": 46, ""qualified_count"": 42, ""pair_denominator"": 3570, ""discordant_pair_count"": 1806, ""pair_discordance_rate"": 0.5058823529411764}, {""seed"": 47, ""qualified_count"": 42, ""pair_denominator"": 3570, ""discordant_pair_count"": 1806, ""pair_discordance_rate"": 0.5058823529411764}, {""seed"": 48, ""qualified_count"": 43, ""pair_denominator"": 3570, ""discordant_pair_count"": 1806, ""pair_discordance_rate"": 0.5058823529411764}, {""seed"": 49, ""qualified_count"": 43, ""pair_denominator"": 3570, ""discordant_pair_count"": 1806, ""pair_discordance_rate"": 0.5058823529411764}, {""seed"": 50, ""qualified_count"": 43, ""pair_denominator"": 3570, ""discordant_pair_count"": 1806, ""pair_discordance_rate"": 0.5058823529411764}, {""seed"": 51, ""qualified_count"": 42, ""pair_denominator"": 3570, ""discordant_pair_count"": 1806, ""pair_discordance_rate"": 0.5058823529411764}, {""seed"": 52, ""qualified_count"": 42, ""pair_denominator"": 3570, ""discordant_pair_count"": 1806, ""pair_discordance_rate"": 0.5058823529411764}, {""seed"": 53, ""qualified_count"": 42, ""pair_denominator"": 3570, ""discordant_pair_count"": 1806, ""pair_discordance_rate"": 0.5058823529411764}, {""seed"": 54, ""qualified_count"": 43, ""pair_denominator"": 3570, ""discordant_pair_count"": 1806, ""pair_discordance_rate"": 0.5058823529411764}, {""seed"": 55, ""qualified_count"": 43, ""pair_denominator"": 3570, ""discordant_pair_count"": 1806, ""pair_discordance_rate"": 0.5058823529411764}, {""seed"": 56, ""qualified_count"": 43, ""pair_denominator"": 3570, ""discordant_pair_count"": 1806, ""pair_discordance_rate"": 0.5058823529411764}]",15,1,0,0,0,0,0.50588235294117645,0.50588235294117645,0.50588235294117645,0.50588235294117645,0.50588235294117645
CTGAN,XGBoost,0.025000000000000001,15,85,53550,15078,0.28156862745098038,"[{""seed"": 42, ""qualified_count"": 15, ""pair_denominator"": 3570, ""discordant_pair_count"": 1050, ""pair_discordance_rate"": 0.29411764705882354}, {""seed"": 43, ""qualified_count"": 14, ""pair_denominator"": 3570, ""discordant_pair_count"": 994, ""pair_discordance_rate"": 0.2784313725490196}, {""seed"": 44, ""qualified_count"": 14, ""pair_denominator"": 3570, ""discordant_pair_count"": 994, ""pair_discordance_rate"": 0.2784313725490196}, {""seed"": 45, ""qualified_count"": 14, ""pair_denominator"": 3570, ""discordant_pair_count"": 994, ""pair_discordance_rate"": 0.2784313725490196}, {""seed"": 46, ""qualified_count"": 14, ""pair_denominator"": 3570, ""discordant_pair_count"": 994, ""pair_discordance_rate"": 0.2784313725490196}, {""seed"": 47, ""qualified_count"": 14, ""pair_denominator"": 3570, ""discordant_pair_count"": 994, ""pair_discordance_rate"": 0.2784313725490196}, {""seed"": 48, ""qualified_count"": 15, ""pair_denominator"": 3570, ""discordant_pair_count"": 1050, ""pair_discordance_rate"": 0.29411764705882354}, {""seed"": 49, ""qualified_count"": 14, ""pair_denominator"": 3570, ""discordant_pair_count"": 994, ""pair_discordance_rate"": 0.2784313725490196}, {""seed"": 50, ""qualified_count"": 14, ""pair_denominator"": 3570, ""discordant_pair_count"": 994, ""pair_discordance_rate"": 0.2784313725490196}, {""seed"": 51, ""qualified_count"": 14, ""pair_denominator"": 3570, ""discordant_pair_count"": 994, ""pair_discordance_rate"": 0.2784313725490196}, {""seed"": 52, ""qualified_count"": 14, ""pair_denominator"": 3570, ""discordant_pair_count"": 994, ""pair_discordance_rate"": 0.2784313725490196}, {""seed"": 53, ""qualified_count"": 14, ""pair_denominator"": 3570, ""discordant_pair_count"": 994, ""pair_discordance_rate"": 0.2784313725490196}, {""seed"": 54, ""qualified_count"": 15, ""pair_denominator"": 3570, ""discordant_pair_count"": 1050, ""pair_discordance_rate"": 0.29411764705882354}, {""seed"": 55, ""qualified_count"": 14, ""pair_denominator"": 3570, ""discordant_pair_count"": 994, ""pair_discordance_rate"": 0.2784313725490196}, {""seed"": 56, ""qualified_count"": 14, ""pair_denominator"": 3570, ""discordant_pair_count"": 994, ""pair_discordance_rate"": 0.2784313725490196}]",15,1,0,0,0,0,0.27843137254901962,0.27843137254901962,0.27843137254901962,0.27843137254901962,0.29411764705882354
CTGAN,XGBoost,0.050000000000000003,15,85,53550,15078,0.28156862745098038,"[{""seed"": 42, ""qualified_count"": 15, ""pair_denominator"": 3570, ""discordant_pair_count"": 1050, ""pair_discordance_rate"": 0.29411764705882354}, {""seed"": 43, ""qualified_count"": 14, ""pair_denominator"": 3570, ""discordant_pair_count"": 994, ""pair_discordance_rate"": 0.2784313725490196}, {""seed"": 44, ""qualified_count"": 14, ""pair_denominator"": 3570, ""discordant_pair_count"": 994, ""pair_discordance_rate"": 0.2784313725490196}, {""seed"": 45, ""qualified_count"": 14, ""pair_denominator"": 3570, ""discordant_pair_count"": 994, ""pair_discordance_rate"": 0.2784313725490196}, {""seed"": 46, ""qualified_count"": 14, ""pair_denominator"": 3570, ""discordant_pair_count"": 994, ""pair_discordance_rate"": 0.2784313725490196}, {""seed"": 47, ""qualified_count"": 14, ""pair_denominator"": 3570, ""discordant_pair_count"": 994, ""pair_discordance_rate"": 0.2784313725490196}, {""seed"": 48, ""qualified_count"": 15, ""pair_denominator"": 3570, ""discordant_pair_count"": 1050, ""pair_discordance_rate"": 0.29411764705882354}, {""seed"": 49, ""qualified_count"": 14, ""pair_denominator"": 3570, ""discordant_pair_count"": 994, ""pair_discordance_rate"": 0.2784313725490196}, {""seed"": 50, ""qualified_count"": 14, ""pair_denominator"": 3570, ""discordant_pair_count"": 994, ""pair_discordance_rate"": 0.2784313725490196}, {""seed"": 51, ""qualified_count"": 14, ""pair_denominator"": 3570, ""discordant_pair_count"": 994, ""pair_discordance_rate"": 0.2784313725490196}, {""seed"": 52, ""qualified_count"": 14, ""pair_denominator"": 3570, ""discordant_pair_count"": 994, ""pair_discordance_rate"": 0.2784313725490196}, {""seed"": 53, ""qualified_count"": 14, ""pair_denominator"": 3570, ""discordant_pair_count"": 994, ""pair_discordance_rate"": 0.2784313725490196}, {""seed"": 54, ""qualified_count"": 15, ""pair_denominator"": 3570, ""discordant_pair_count"": 1050, ""pair_discordance_rate"": 0.29411764705882354}, {""seed"": 55, ""qualified_count"": 14, ""pair_denominator"": 3570, ""discordant_pair_count"": 994, ""pair_discordance_rate"": 0.2784313725490196}, {""seed"": 56, ""qualified_count"": 14, ""pair_denominator"": 3570, ""discordant_pair_count"": 994, ""pair_discordance_rate"": 0.2784313725490196}]",15,1,0,0,0,0,0.27843137254901962,0.27843137254901962,0.27843137254901962,0.27843137254901962,0.29411764705882354
CTGAN,XGBoost,0.10000000000000001,15,85,53550,24108,0.45019607843137255,"[{""seed"": 42, ""qualified_count"": 29, ""pair_denominator"": 3570, ""discordant_pair_count"": 1624, ""pair_discordance_rate"": 0.4549019607843137}, {""seed"": 43, ""qualified_count"": 29, ""pair_denominator"": 3570, ""discordant_pair_count"": 1624, ""pair_discordance_rate"": 0.4549019607843137}, {""seed"": 44, ""qualified_count"": 28, ""pair_denominator"": 3570, ""discordant_pair_count"": 1596, ""pair_discordance_rate"": 0.4470588235294118}, {""seed"": 45, ""qualified_count"": 28, ""pair_denominator"": 3570, ""discordant_pair_count"": 1596, ""pair_discordance_rate"": 0.4470588235294118}, {""seed"": 46, ""qualified_count"": 28, ""pair_denominator"": 3570, ""discordant_pair_count"": 1596, ""pair_discordance_rate"": 0.4470588235294118}, {""seed"": 47, ""qualified_count"": 28, ""pair_denominator"": 3570, ""discordant_pair_count"": 1596, ""pair_discordance_rate"": 0.4470588235294118}, {""seed"": 48, ""qualified_count"": 29, ""pair_denominator"": 3570, ""discordant_pair_count"": 1624, ""pair_discordance_rate"": 0.4549019607843137}, {""seed"": 49, ""qualified_count"": 29, ""pair_denominator"": 3570, ""discordant_pair_count"": 1624, ""pair_discordance_rate"": 0.4549019607843137}, {""seed"": 50, ""qualified_count"": 28, ""pair_denominator"": 3570, ""discordant_pair_count"": 1596, ""pair_discordance_rate"": 0.4470588235294118}, {""seed"": 51, ""qualified_count"": 28, ""pair_denominator"": 3570, ""discordant_pair_count"": 1596, ""pair_discordance_rate"": 0.4470588235294118}, {""seed"": 52, ""qualified_count"": 28, ""pair_denominator"": 3570, ""discordant_pair_count"": 1596, ""pair_discordance_rate"": 0.4470588235294118}, {""seed"": 53, ""qualified_count"": 28, ""pair_denominator"": 3570, ""discordant_pair_count"": 1596, ""pair_discordance_rate"": 0.4470588235294118}, {""seed"": 54, ""qualified_count"": 29, ""pair_denominator"": 3570, ""discordant_pair_count"": 1624, ""pair_discordance_rate"": 0.4549019607843137}, {""seed"": 55, ""qualified_count"": 29, ""pair_denominator"": 3570, ""discordant_pair_count"": 1624, ""pair_discordance_rate"": 0.4549019607843137}, {""seed"": 56, ""qualified_count"": 28, ""pair_denominator"": 3570, ""discordant_pair_count"": 1596, ""pair_discordance_rate"": 0.4470588235294118}]",15,1,0,0,0,0,0.44705882352941179,0.44705882352941179,0.44705882352941179,0.45490196078431372,0.45490196078431372
CTGAN,XGBoost,0.20000000000000001,15,85,53550,27090,0.50588235294117645,"[{""seed"": 42, ""qualified_count"": 43, ""pair_denominator"": 3570, ""discordant_pair_count"": 1806, ""pair_discordance_rate"": 0.5058823529411764}, {""seed"": 43, ""qualified_count"": 43, ""pair_denominator"": 3570, ""discordant_pair_count"": 1806, ""pair_discordance_rate"": 0.5058823529411764}, {""seed"": 44, ""qualified_count"": 43, ""pair_denominator"": 3570, ""discordant_pair_count"": 1806, ""pair_discordance_rate"": 0.5058823529411764}, {""seed"": 45, ""qualified_count"": 42, ""pair_denominator"": 3570, ""discordant_pair_count"": 1806, ""pair_discordance_rate"": 0.5058823529411764}, {""seed"": 46, ""qualified_count"": 42, ""pair_denominator"": 3570, ""discordant_pair_count"": 1806, ""pair_discordance_rate"": 0.5058823529411764}, {""seed"": 47, ""qualified_count"": 42, ""pair_denominator"": 3570, ""discordant_pair_count"": 1806, ""pair_discordance_rate"": 0.5058823529411764}, {""seed"": 48, ""qualified_count"": 43, ""pair_denominator"": 3570, ""discordant_pair_count"": 1806, ""pair_discordance_rate"": 0.5058823529411764}, {""seed"": 49, ""qualified_count"": 43, ""pair_denominator"": 3570, ""discordant_pair_count"": 1806, ""pair_discordance_rate"": 0.5058823529411764}, {""seed"": 50, ""qualified_count"": 43, ""pair_denominator"": 3570, ""discordant_pair_count"": 1806, ""pair_discordance_rate"": 0.5058823529411764}, {""seed"": 51, ""qualified_count"": 42, ""pair_denominator"": 3570, ""discordant_pair_count"": 1806, ""pair_discordance_rate"": 0.5058823529411764}, {""seed"": 52, ""qualified_count"": 42, ""pair_denominator"": 3570, ""discordant_pair_count"": 1806, ""pair_discordance_rate"": 0.5058823529411764}, {""seed"": 53, ""qualified_count"": 42, ""pair_denominator"": 3570, ""discordant_pair_count"": 1806, ""pair_discordance_rate"": 0.5058823529411764}, {""seed"": 54, ""qualified_count"": 43, ""pair_denominator"": 3570, ""discordant_pair_count"": 1806, ""pair_discordance_rate"": 0.5058823529411764}, {""seed"": 55, ""qualified_count"": 43, ""pair_denominator"": 3570, ""discordant_pair_count"": 1806, ""pair_discordance_rate"": 0.5058823529411764}, {""seed"": 56, ""qualified_count"": 43, ""pair_denominator"": 3570, ""discordant_pair_count"": 1806, ""pair_discordance_rate"": 0.5058823529411764}]",15,1,0,0,0,0,0.50588235294117645,0.50588235294117645,0.50588235294117645,0.50588235294117645,0.50588235294117645
TabDDPM,LR_L2,0.025000000000000001,14,85,49980,14084,0.28179271708683473,"[{""seed"": 42, ""qualified_count"": 15, ""pair_denominator"": 3570, ""discordant_pair_count"": 1050, ""pair_discordance_rate"": 0.29411764705882354}, {""seed"": 43, ""qualified_count"": 14, ""pair_denominator"": 3570, ""discordant_pair_count"": 994, ""pair_discordance_rate"": 0.2784313725490196}, {""seed"": 44, ""qualified_count"": 14, ""pair_denominator"": 3570, ""discordant_pair_count"": 994, ""pair_discordance_rate"": 0.2784313725490196}, {""seed"": 45, ""qualified_count"": 14, ""pair_denominator"": 3570, ""discordant_pair_count"": 994, ""pair_discordance_rate"": 0.2784313725490196}, {""seed"": 46, ""qualified_count"": 14, ""pair_denominator"": 3570, ""discordant_pair_count"": 994, ""pair_discordance_rate"": 0.2784313725490196}, {""seed"": 47, ""qualified_count"": 14, ""pair_denominator"": 3570, ""discordant_pair_count"": 994, ""pair_discordance_rate"": 0.2784313725490196}, {""seed"": 48, ""qualified_count"": 15, ""pair_denominator"": 3570, ""discordant_pair_count"": 1050, ""pair_discordance_rate"": 0.29411764705882354}, {""seed"": 49, ""qualified_count"": 14, ""pair_denominator"": 3570, ""discordant_pair_count"": 994, ""pair_discordance_rate"": 0.2784313725490196}, {""seed"": 50, ""qualified_count"": 14, ""pair_denominator"": 3570, ""discordant_pair_count"": 994, ""pair_discordance_rate"": 0.2784313725490196}, {""seed"": 51, ""qualified_count"": 14, ""pair_denominator"": 3570, ""discordant_pair_count"": 994, ""pair_discordance_rate"": 0.2784313725490196}, {""seed"": 52, ""qualified_count"": 14, ""pair_denominator"": 3570, ""discordant_pair_count"": 994, ""pair_discordance_rate"": 0.2784313725490196}, {""seed"": 53, ""qualified_count"": 14, ""pair_denominator"": 3570, ""discordant_pair_count"": 994, ""pair_discordance_rate"": 0.2784313725490196}, {""seed"": 54, ""qualified_count"": 15, ""pair_denominator"": 3570, ""discordant_pair_count"": 1050, ""pair_discordance_rate"": 0.29411764705882354}, {""seed"": 55, ""qualified_count"": 14, ""pair_denominator"": 3570, ""discordant_pair_count"": 994, ""pair_discordance_rate"": 0.2784313725490196}]",14,1,0,0,0,0,0.27843137254901962,0.27843137254901962,0.27843137254901962,0.27843137254901962,0.29411764705882354
TabDDPM,LR_L2,0.050000000000000003,14,85,49980,14084,0.28179271708683473,"[{""seed"": 42, ""qualified_count"": 15, ""pair_denominator"": 3570, ""discordant_pair_count"": 1050, ""pair_discordance_rate"": 0.29411764705882354}, {""seed"": 43, ""qualified_count"": 14, ""pair_denominator"": 3570, ""discordant_pair_count"": 994, ""pair_discordance_rate"": 0.2784313725490196}, {""seed"": 44, ""qualified_count"": 14, ""pair_denominator"": 3570, ""discordant_pair_count"": 994, ""pair_discordance_rate"": 0.2784313725490196}, {""seed"": 45, ""qualified_count"": 14, ""pair_denominator"": 3570, ""discordant_pair_count"": 994, ""pair_discordance_rate"": 0.2784313725490196}, {""seed"": 46, ""qualified_count"": 14, ""pair_denominator"": 3570, ""discordant_pair_count"": 994, ""pair_discordance_rate"": 0.2784313725490196}, {""seed"": 47, ""qualified_count"": 14, ""pair_denominator"": 3570, ""discordant_pair_count"": 994, ""pair_discordance_rate"": 0.2784313725490196}, {""seed"": 48, ""qualified_count"": 15, ""pair_denominator"": 3570, ""discordant_pair_count"": 1050, ""pair_discordance_rate"": 0.29411764705882354}, {""seed"": 49, ""qualified_count"": 14, ""pair_denominator"": 3570, ""discordant_pair_count"": 994, ""pair_discordance_rate"": 0.2784313725490196}, {""seed"": 50, ""qualified_count"": 14, ""pair_denominator"": 3570, ""discordant_pair_count"": 994, ""pair_discordance_rate"": 0.2784313725490196}, {""seed"": 51, ""qualified_count"": 14, ""pair_denominator"": 3570, ""discordant_pair_count"": 994, ""pair_discordance_rate"": 0.2784313725490196}, {""seed"": 52, ""qualified_count"": 14, ""pair_denominator"": 3570, ""discordant_pair_count"": 994, ""pair_discordance_rate"": 0.2784313725490196}, {""seed"": 53, ""qualified_count"": 14, ""pair_denominator"": 3570, ""discordant_pair_count"": 994, ""pair_discordance_rate"": 0.2784313725490196}, {""seed"": 54, ""qualified_count"": 15, ""pair_denominator"": 3570, ""discordant_pair_count"": 1050, ""pair_discordance_rate"": 0.29411764705882354}, {""seed"": 55, ""qualified_count"": 14, ""pair_denominator"": 3570, ""discordant_pair_count"": 994, ""pair_discordance_rate"": 0.2784313725490196}]",14,1,0,0,0,0,0.27843137254901962,0.27843137254901962,0.27843137254901962,0.27843137254901962,0.29411764705882354
TabDDPM,LR_L2,0.10000000000000001,14,85,49980,22512,0.4504201680672269,"[{""seed"": 42, ""qualified_count"": 29, ""pair_denominator"": 3570, ""discordant_pair_count"": 1624, ""pair_discordance_rate"": 0.4549019607843137}, {""seed"": 43, ""qualified_count"": 29, ""pair_denominator"": 3570, ""discordant_pair_count"": 1624, ""pair_discordance_rate"": 0.4549019607843137}, {""seed"": 44, ""qualified_count"": 28, ""pair_denominator"": 3570, ""discordant_pair_count"": 1596, ""pair_discordance_rate"": 0.4470588235294118}, {""seed"": 45, ""qualified_count"": 28, ""pair_denominator"": 3570, ""discordant_pair_count"": 1596, ""pair_discordance_rate"": 0.4470588235294118}, {""seed"": 46, ""qualified_count"": 28, ""pair_denominator"": 3570, ""discordant_pair_count"": 1596, ""pair_discordance_rate"": 0.4470588235294118}, {""seed"": 47, ""qualified_count"": 28, ""pair_denominator"": 3570, ""discordant_pair_count"": 1596, ""pair_discordance_rate"": 0.4470588235294118}, {""seed"": 48, ""qualified_count"": 29, ""pair_denominator"": 3570, ""discordant_pair_count"": 1624, ""pair_discordance_rate"": 0.4549019607843137}, {""seed"": 49, ""qualified_count"": 29, ""pair_denominator"": 3570, ""discordant_pair_count"": 1624, ""pair_discordance_rate"": 0.4549019607843137}, {""seed"": 50, ""qualified_count"": 28, ""pair_denominator"": 3570, ""discordant_pair_count"": 1596, ""pair_discordance_rate"": 0.4470588235294118}, {""seed"": 51, ""qualified_count"": 28, ""pair_denominator"": 3570, ""discordant_pair_count"": 1596, ""pair_discordance_rate"": 0.4470588235294118}, {""seed"": 52, ""qualified_count"": 28, ""pair_denominator"": 3570, ""discordant_pair_count"": 1596, ""pair_discordance_rate"": 0.4470588235294118}, {""seed"": 53, ""qualified_count"": 28, ""pair_denominator"": 3570, ""discordant_pair_count"": 1596, ""pair_discordance_rate"": 0.4470588235294118}, {""seed"": 54, ""qualified_count"": 29, ""pair_denominator"": 3570, ""discordant_pair_count"": 1624, ""pair_discordance_rate"": 0.4549019607843137}, {""seed"": 55, ""qualified_count"": 29, ""pair_denominator"": 3570, ""discordant_pair_count"": 1624, ""pair_discordance_rate"": 0.4549019607843137}]",14,1,0,0,0,0,0.44705882352941179,0.44705882352941179,0.44705882352941179,0.45490196078431372,0.45490196078431372
TabDDPM,LR_L2,0.20000000000000001,14,85,49980,25284,0.50588235294117645,"[{""seed"": 42, ""qualified_count"": 43, ""pair_denominator"": 3570, ""discordant_pair_count"": 1806, ""pair_discordance_rate"": 0.5058823529411764}, {""seed"": 43, ""qualified_count"": 43, ""pair_denominator"": 3570, ""discordant_pair_count"": 1806, ""pair_discordance_rate"": 0.5058823529411764}, {""seed"": 44, ""qualified_count"": 43, ""pair_denominator"": 3570, ""discordant_pair_count"": 1806, ""pair_discordance_rate"": 0.5058823529411764}, {""seed"": 45, ""qualified_count"": 42, ""pair_denominator"": 3570, ""discordant_pair_count"": 1806, ""pair_discordance_rate"": 0.5058823529411764}, {""seed"": 46, ""qualified_count"": 42, ""pair_denominator"": 3570, ""discordant_pair_count"": 1806, ""pair_discordance_rate"": 0.5058823529411764}, {""seed"": 47, ""qualified_count"": 42, ""pair_denominator"": 3570, ""discordant_pair_count"": 1806, ""pair_discordance_rate"": 0.5058823529411764}, {""seed"": 48, ""qualified_count"": 43, ""pair_denominator"": 3570, ""discordant_pair_count"": 1806, ""pair_discordance_rate"": 0.5058823529411764}, {""seed"": 49, ""qualified_count"": 43, ""pair_denominator"": 3570, ""discordant_pair_count"": 1806, ""pair_discordance_rate"": 0.5058823529411764}, {""seed"": 50, ""qualified_count"": 43, ""pair_denominator"": 3570, ""discordant_pair_count"": 1806, ""pair_discordance_rate"": 0.5058823529411764}, {""seed"": 51, ""qualified_count"": 42, ""pair_denominator"": 3570, ""discordant_pair_count"": 1806, ""pair_discordance_rate"": 0.5058823529411764}, {""seed"": 52, ""qualified_count"": 42, ""pair_denominator"": 3570, ""discordant_pair_count"": 1806, ""pair_discordance_rate"": 0.5058823529411764}, {""seed"": 53, ""qualified_count"": 42, ""pair_denominator"": 3570, ""discordant_pair_count"": 1806, ""pair_discordance_rate"": 0.5058823529411764}, {""seed"": 54, ""qualified_count"": 43, ""pair_denominator"": 3570, ""discordant_pair_count"": 1806, ""pair_discordance_rate"": 0.5058823529411764}, {""seed"": 55, ""qualified_count"": 43, ""pair_denominator"": 3570, ""discordant_pair_count"": 1806, ""pair_discordance_rate"": 0.5058823529411764}]",14,1,0,0,0,0,0.50588235294117645,0.50588235294117645,0.50588235294117645,0.50588235294117645,0.50588235294117645
TabDDPM,XGBoost,0.025000000000000001,14,85,49980,14084,0.28179271708683473,"[{""seed"": 42, ""qualified_count"": 15, ""pair_denominator"": 3570, ""discordant_pair_count"": 1050, ""pair_discordance_rate"": 0.29411764705882354}, {""seed"": 43, ""qualified_count"": 14, ""pair_denominator"": 3570, ""discordant_pair_count"": 994, ""pair_discordance_rate"": 0.2784313725490196}, {""seed"": 44, ""qualified_count"": 14, ""pair_denominator"": 3570, ""discordant_pair_count"": 994, ""pair_discordance_rate"": 0.2784313725490196}, {""seed"": 45, ""qualified_count"": 14, ""pair_denominator"": 3570, ""discordant_pair_count"": 994, ""pair_discordance_rate"": 0.2784313725490196}, {""seed"": 46, ""qualified_count"": 14, ""pair_denominator"": 3570, ""discordant_pair_count"": 994, ""pair_discordance_rate"": 0.2784313725490196}, {""seed"": 47, ""qualified_count"": 14, ""pair_denominator"": 3570, ""discordant_pair_count"": 994, ""pair_discordance_rate"": 0.2784313725490196}, {""seed"": 48, ""qualified_count"": 15, ""pair_denominator"": 3570, ""discordant_pair_count"": 1050, ""pair_discordance_rate"": 0.29411764705882354}, {""seed"": 49, ""qualified_count"": 14, ""pair_denominator"": 3570, ""discordant_pair_count"": 994, ""pair_discordance_rate"": 0.2784313725490196}, {""seed"": 50, ""qualified_count"": 14, ""pair_denominator"": 3570, ""discordant_pair_count"": 994, ""pair_discordance_rate"": 0.2784313725490196}, {""seed"": 51, ""qualified_count"": 14, ""pair_denominator"": 3570, ""discordant_pair_count"": 994, ""pair_discordance_rate"": 0.2784313725490196}, {""seed"": 52, ""qualified_count"": 14, ""pair_denominator"": 3570, ""discordant_pair_count"": 994, ""pair_discordance_rate"": 0.2784313725490196}, {""seed"": 53, ""qualified_count"": 14, ""pair_denominator"": 3570, ""discordant_pair_count"": 994, ""pair_discordance_rate"": 0.2784313725490196}, {""seed"": 54, ""qualified_count"": 15, ""pair_denominator"": 3570, ""discordant_pair_count"": 1050, ""pair_discordance_rate"": 0.29411764705882354}, {""seed"": 55, ""qualified_count"": 14, ""pair_denominator"": 3570, ""discordant_pair_count"": 994, ""pair_discordance_rate"": 0.2784313725490196}]",14,1,0,0,0,0,0.27843137254901962,0.27843137254901962,0.27843137254901962,0.27843137254901962,0.29411764705882354
TabDDPM,XGBoost,0.050000000000000003,14,85,49980,14084,0.28179271708683473,"[{""seed"": 42, ""qualified_count"": 15, ""pair_denominator"": 3570, ""discordant_pair_count"": 1050, ""pair_discordance_rate"": 0.29411764705882354}, {""seed"": 43, ""qualified_count"": 14, ""pair_denominator"": 3570, ""discordant_pair_count"": 994, ""pair_discordance_rate"": 0.2784313725490196}, {""seed"": 44, ""qualified_count"": 14, ""pair_denominator"": 3570, ""discordant_pair_count"": 994, ""pair_discordance_rate"": 0.2784313725490196}, {""seed"": 45, ""qualified_count"": 14, ""pair_denominator"": 3570, ""discordant_pair_count"": 994, ""pair_discordance_rate"": 0.2784313725490196}, {""seed"": 46, ""qualified_count"": 14, ""pair_denominator"": 3570, ""discordant_pair_count"": 994, ""pair_discordance_rate"": 0.2784313725490196}, {""seed"": 47, ""qualified_count"": 14, ""pair_denominator"": 3570, ""discordant_pair_count"": 994, ""pair_discordance_rate"": 0.2784313725490196}, {""seed"": 48, ""qualified_count"": 15, ""pair_denominator"": 3570, ""discordant_pair_count"": 1050, ""pair_discordance_rate"": 0.29411764705882354}, {""seed"": 49, ""qualified_count"": 14, ""pair_denominator"": 3570, ""discordant_pair_count"": 994, ""pair_discordance_rate"": 0.2784313725490196}, {""seed"": 50, ""qualified_count"": 14, ""pair_denominator"": 3570, ""discordant_pair_count"": 994, ""pair_discordance_rate"": 0.2784313725490196}, {""seed"": 51, ""qualified_count"": 14, ""pair_denominator"": 3570, ""discordant_pair_count"": 994, ""pair_discordance_rate"": 0.2784313725490196}, {""seed"": 52, ""qualified_count"": 14, ""pair_denominator"": 3570, ""discordant_pair_count"": 994, ""pair_discordance_rate"": 0.2784313725490196}, {""seed"": 53, ""qualified_count"": 14, ""pair_denominator"": 3570, ""discordant_pair_count"": 994, ""pair_discordance_rate"": 0.2784313725490196}, {""seed"": 54, ""qualified_count"": 15, ""pair_denominator"": 3570, ""discordant_pair_count"": 1050, ""pair_discordance_rate"": 0.29411764705882354}, {""seed"": 55, ""qualified_count"": 14, ""pair_denominator"": 3570, ""discordant_pair_count"": 994, ""pair_discordance_rate"": 0.2784313725490196}]",14,1,0,0,0,0,0.27843137254901962,0.27843137254901962,0.27843137254901962,0.27843137254901962,0.29411764705882354
TabDDPM,XGBoost,0.10000000000000001,14,85,49980,22512,0.4504201680672269,"[{""seed"": 42, ""qualified_count"": 29, ""pair_denominator"": 3570, ""discordant_pair_count"": 1624, ""pair_discordance_rate"": 0.4549019607843137}, {""seed"": 43, ""qualified_count"": 29, ""pair_denominator"": 3570, ""discordant_pair_count"": 1624, ""pair_discordance_rate"": 0.4549019607843137}, {""seed"": 44, ""qualified_count"": 28, ""pair_denominator"": 3570, ""discordant_pair_count"": 1596, ""pair_discordance_rate"": 0.4470588235294118}, {""seed"": 45, ""qualified_count"": 28, ""pair_denominator"": 3570, ""discordant_pair_count"": 1596, ""pair_discordance_rate"": 0.4470588235294118}, {""seed"": 46, ""qualified_count"": 28, ""pair_denominator"": 3570, ""discordant_pair_count"": 1596, ""pair_discordance_rate"": 0.4470588235294118}, {""seed"": 47, ""qualified_count"": 28, ""pair_denominator"": 3570, ""discordant_pair_count"": 1596, ""pair_discordance_rate"": 0.4470588235294118}, {""seed"": 48, ""qualified_count"": 29, ""pair_denominator"": 3570, ""discordant_pair_count"": 1624, ""pair_discordance_rate"": 0.4549019607843137}, {""seed"": 49, ""qualified_count"": 29, ""pair_denominator"": 3570, ""discordant_pair_count"": 1624, ""pair_discordance_rate"": 0.4549019607843137}, {""seed"": 50, ""qualified_count"": 28, ""pair_denominator"": 3570, ""discordant_pair_count"": 1596, ""pair_discordance_rate"": 0.4470588235294118}, {""seed"": 51, ""qualified_count"": 28, ""pair_denominator"": 3570, ""discordant_pair_count"": 1596, ""pair_discordance_rate"": 0.4470588235294118}, {""seed"": 52, ""qualified_count"": 28, ""pair_denominator"": 3570, ""discordant_pair_count"": 1596, ""pair_discordance_rate"": 0.4470588235294118}, {""seed"": 53, ""qualified_count"": 28, ""pair_denominator"": 3570, ""discordant_pair_count"": 1596, ""pair_discordance_rate"": 0.4470588235294118}, {""seed"": 54, ""qualified_count"": 29, ""pair_denominator"": 3570, ""discordant_pair_count"": 1624, ""pair_discordance_rate"": 0.4549019607843137}, {""seed"": 55, ""qualified_count"": 29, ""pair_denominator"": 3570, ""discordant_pair_count"": 1624, ""pair_discordance_rate"": 0.4549019607843137}]",14,1,0,0,0,0,0.44705882352941179,0.44705882352941179,0.44705882352941179,0.45490196078431372,0.45490196078431372
TabDDPM,XGBoost,0.20000000000000001,14,85,49980,25284,0.50588235294117645,"[{""seed"": 42, ""qualified_count"": 43, ""pair_denominator"": 3570, ""discordant_pair_count"": 1806, ""pair_discordance_rate"": 0.5058823529411764}, {""seed"": 43, ""qualified_count"": 43, ""pair_denominator"": 3570, ""discordant_pair_count"": 1806, ""pair_discordance_rate"": 0.5058823529411764}, {""seed"": 44, ""qualified_count"": 43, ""pair_denominator"": 3570, ""discordant_pair_count"": 1806, ""pair_discordance_rate"": 0.5058823529411764}, {""seed"": 45, ""qualified_count"": 42, ""pair_denominator"": 3570, ""discordant_pair_count"": 1806, ""pair_discordance_rate"": 0.5058823529411764}, {""seed"": 46, ""qualified_count"": 42, ""pair_denominator"": 3570, ""discordant_pair_count"": 1806, ""pair_discordance_rate"": 0.5058823529411764}, {""seed"": 47, ""qualified_count"": 42, ""pair_denominator"": 3570, ""discordant_pair_count"": 1806, ""pair_discordance_rate"": 0.5058823529411764}, {""seed"": 48, ""qualified_count"": 43, ""pair_denominator"": 3570, ""discordant_pair_count"": 1806, ""pair_discordance_rate"": 0.5058823529411764}, {""seed"": 49, ""qualified_count"": 43, ""pair_denominator"": 3570, ""discordant_pair_count"": 1806, ""pair_discordance_rate"": 0.5058823529411764}, {""seed"": 50, ""qualified_count"": 43, ""pair_denominator"": 3570, ""discordant_pair_count"": 1806, ""pair_discordance_rate"": 0.5058823529411764}, {""seed"": 51, ""qualified_count"": 42, ""pair_denominator"": 3570, ""discordant_pair_count"": 1806, ""pair_discordance_rate"": 0.5058823529411764}, {""seed"": 52, ""qualified_count"": 42, ""pair_denominator"": 3570, ""discordant_pair_count"": 1806, ""pair_discordance_rate"": 0.5058823529411764}, {""seed"": 53, ""qualified_count"": 42, ""pair_denominator"": 3570, ""discordant_pair_count"": 1806, ""pair_discordance_rate"": 0.5058823529411764}, {""seed"": 54, ""qualified_count"": 43, ""pair_denominator"": 3570, ""discordant_pair_count"": 1806, ""pair_discordance_rate"": 0.5058823529411764}, {""seed"": 55, ""qualified_count"": 43, ""pair_denominator"": 3570, ""discordant_pair_count"": 1806, ""pair_discordance_rate"": 0.5058823529411764}]",14,1,0,0,0,0,0.50588235294117645,0.50588235294117645,0.50588235294117645,0.50588235294117645,0.50588235294117645
