generator,learner,delta,hospital_count,generation_attempts,utility_estimable_seed_count,collapsed_attempt_count,collapsed_seed_ids,utility_seed_ids,expected_cells,observed_cells,missing_expected_cells,duplicate_keys,nonfinite_EUL,unregistered_seed_cells,collapsed_seed_cells,excluded_nonprimary_hospital_cells,total_seed_pairs,total_hospital_pairs,denominator_boundary
GaussianCopula,LR_L2,0.025000000000000001,85,15,15,0,,42;43;44;45;46;47;48;49;50;51;52;53;54;55;56,1275,1275,0,0,0,0,0,0,8925,53550,Conditional on utility-estimable generation; no collapsed attempt is assigned a binary state
GaussianCopula,LR_L2,0.050000000000000003,85,15,15,0,,42;43;44;45;46;47;48;49;50;51;52;53;54;55;56,1275,1275,0,0,0,0,0,0,8925,53550,Conditional on utility-estimable generation; no collapsed attempt is assigned a binary state
GaussianCopula,LR_L2,0.10000000000000001,85,15,15,0,,42;43;44;45;46;47;48;49;50;51;52;53;54;55;56,1275,1275,0,0,0,0,0,0,8925,53550,Conditional on utility-estimable generation; no collapsed attempt is assigned a binary state
GaussianCopula,LR_L2,0.20000000000000001,85,15,15,0,,42;43;44;45;46;47;48;49;50;51;52;53;54;55;56,1275,1275,0,0,0,0,0,0,8925,53550,Conditional on utility-estimable generation; no collapsed attempt is assigned a binary state
GaussianCopula,XGBoost,0.025000000000000001,85,15,15,0,,42;43;44;45;46;47;48;49;50;51;52;53;54;55;56,1275,1275,0,0,0,0,0,0,8925,53550,Conditional on utility-estimable generation; no collapsed attempt is assigned a binary state
GaussianCopula,XGBoost,0.050000000000000003,85,15,15,0,,42;43;44;45;46;47;48;49;50;51;52;53;54;55;56,1275,1275,0,0,0,0,0,0,8925,53550,Conditional on utility-estimable generation; no collapsed attempt is assigned a binary state
GaussianCopula,XGBoost,0.10000000000000001,85,15,15,0,,42;43;44;45;46;47;48;49;50;51;52;53;54;55;56,1275,1275,0,0,0,0,0,0,8925,53550,Conditional on utility-estimable generation; no collapsed attempt is assigned a binary state
GaussianCopula,XGBoost,0.20000000000000001,85,15,15,0,,42;43;44;45;46;47;48;49;50;51;52;53;54;55;56,1275,1275,0,0,0,0,0,0,8925,53550,Conditional on utility-estimable generation; no collapsed attempt is assigned a binary state
CTGAN,LR_L2,0.025000000000000001,85,15,15,0,,42;43;44;45;46;47;48;49;50;51;52;53;54;55;56,1275,1275,0,0,0,0,0,0,8925,53550,Conditional on utility-estimable generation; no collapsed attempt is assigned a binary state
CTGAN,LR_L2,0.050000000000000003,85,15,15,0,,42;43;44;45;46;47;48;49;50;51;52;53;54;55;56,1275,1275,0,0,0,0,0,0,8925,53550,Conditional on utility-estimable generation; no collapsed attempt is assigned a binary state
CTGAN,LR_L2,0.10000000000000001,85,15,15,0,,42;43;44;45;46;47;48;49;50;51;52;53;54;55;56,1275,1275,0,0,0,0,0,0,8925,53550,Conditional on utility-estimable generation; no collapsed attempt is assigned a binary state
CTGAN,LR_L2,0.20000000000000001,85,15,15,0,,42;43;44;45;46;47;48;49;50;51;52;53;54;55;56,1275,1275,0,0,0,0,0,0,8925,53550,Conditional on utility-estimable generation; no collapsed attempt is assigned a binary state
CTGAN,XGBoost,0.025000000000000001,85,15,15,0,,42;43;44;45;46;47;48;49;50;51;52;53;54;55;56,1275,1275,0,0,0,0,0,0,8925,53550,Conditional on utility-estimable generation; no collapsed attempt is assigned a binary state
CTGAN,XGBoost,0.050000000000000003,85,15,15,0,,42;43;44;45;46;47;48;49;50;51;52;53;54;55;56,1275,1275,0,0,0,0,0,0,8925,53550,Conditional on utility-estimable generation; no collapsed attempt is assigned a binary state
CTGAN,XGBoost,0.10000000000000001,85,15,15,0,,42;43;44;45;46;47;48;49;50;51;52;53;54;55;56,1275,1275,0,0,0,0,0,0,8925,53550,Conditional on utility-estimable generation; no collapsed attempt is assigned a binary state
CTGAN,XGBoost,0.20000000000000001,85,15,15,0,,42;43;44;45;46;47;48;49;50;51;52;53;54;55;56,1275,1275,0,0,0,0,0,0,8925,53550,Conditional on utility-estimable generation; no collapsed attempt is assigned a binary state
TabDDPM,LR_L2,0.025000000000000001,85,15,14,1,56,42;43;44;45;46;47;48;49;50;51;52;53;54;55,1190,1190,0,0,0,0,0,0,7735,49980,Conditional on utility-estimable generation; no collapsed attempt is assigned a binary state
TabDDPM,LR_L2,0.050000000000000003,85,15,14,1,56,42;43;44;45;46;47;48;49;50;51;52;53;54;55,1190,1190,0,0,0,0,0,0,7735,49980,Conditional on utility-estimable generation; no collapsed attempt is assigned a binary state
TabDDPM,LR_L2,0.10000000000000001,85,15,14,1,56,42;43;44;45;46;47;48;49;50;51;52;53;54;55,1190,1190,0,0,0,0,0,0,7735,49980,Conditional on utility-estimable generation; no collapsed attempt is assigned a binary state
TabDDPM,LR_L2,0.20000000000000001,85,15,14,1,56,42;43;44;45;46;47;48;49;50;51;52;53;54;55,1190,1190,0,0,0,0,0,0,7735,49980,Conditional on utility-estimable generation; no collapsed attempt is assigned a binary state
TabDDPM,XGBoost,0.025000000000000001,85,15,14,1,56,42;43;44;45;46;47;48;49;50;51;52;53;54;55,1190,1190,0,0,0,0,0,0,7735,49980,Conditional on utility-estimable generation; no collapsed attempt is assigned a binary state
TabDDPM,XGBoost,0.050000000000000003,85,15,14,1,56,42;43;44;45;46;47;48;49;50;51;52;53;54;55,1190,1190,0,0,0,0,0,0,7735,49980,Conditional on utility-estimable generation; no collapsed attempt is assigned a binary state
TabDDPM,XGBoost,0.10000000000000001,85,15,14,1,56,42;43;44;45;46;47;48;49;50;51;52;53;54;55,1190,1190,0,0,0,0,0,0,7735,49980,Conditional on utility-estimable generation; no collapsed attempt is assigned a binary state
TabDDPM,XGBoost,0.20000000000000001,85,15,14,1,56,42;43;44;45;46;47;48;49;50;51;52;53;54;55,1190,1190,0,0,0,0,0,0,7735,49980,Conditional on utility-estimable generation; no collapsed attempt is assigned a binary state
