generator,learner,delta,total_cells,qualified_cells,not_qualified_cells,qualified_fraction,both_states_present,hospital_reversal_count,hospital_reversal_proportion,seed_reversal_count,seed_reversal_proportion
GaussianCopula,LR_L2,0.025000000000000001,1275,213,1062,0.16705882352941176,True,85,1,15,1
GaussianCopula,LR_L2,0.050000000000000003,1275,213,1062,0.16705882352941176,True,85,1,15,1
GaussianCopula,LR_L2,0.10000000000000001,1275,426,849,0.33411764705882352,True,85,1,15,1
GaussianCopula,LR_L2,0.20000000000000001,1275,639,636,0.50117647058823533,True,85,1,15,1
GaussianCopula,XGBoost,0.025000000000000001,1275,213,1062,0.16705882352941176,True,85,1,15,1
GaussianCopula,XGBoost,0.050000000000000003,1275,213,1062,0.16705882352941176,True,85,1,15,1
GaussianCopula,XGBoost,0.10000000000000001,1275,426,849,0.33411764705882352,True,85,1,15,1
GaussianCopula,XGBoost,0.20000000000000001,1275,639,636,0.50117647058823533,True,85,1,15,1
CTGAN,LR_L2,0.025000000000000001,1275,213,1062,0.16705882352941176,True,85,1,15,1
CTGAN,LR_L2,0.050000000000000003,1275,213,1062,0.16705882352941176,True,85,1,15,1
CTGAN,LR_L2,0.10000000000000001,1275,426,849,0.33411764705882352,True,85,1,15,1
CTGAN,LR_L2,0.20000000000000001,1275,639,636,0.50117647058823533,True,85,1,15,1
CTGAN,XGBoost,0.025000000000000001,1275,213,1062,0.16705882352941176,True,85,1,15,1
CTGAN,XGBoost,0.050000000000000003,1275,213,1062,0.16705882352941176,True,85,1,15,1
CTGAN,XGBoost,0.10000000000000001,1275,426,849,0.33411764705882352,True,85,1,15,1
CTGAN,XGBoost,0.20000000000000001,1275,639,636,0.50117647058823533,True,85,1,15,1
TabDDPM,LR_L2,0.025000000000000001,1190,199,991,0.16722689075630251,True,85,1,14,1
TabDDPM,LR_L2,0.050000000000000003,1190,199,991,0.16722689075630251,True,85,1,14,1
TabDDPM,LR_L2,0.10000000000000001,1190,398,792,0.33445378151260502,True,85,1,14,1
TabDDPM,LR_L2,0.20000000000000001,1190,596,594,0.50084033613445378,True,85,1,14,1
TabDDPM,XGBoost,0.025000000000000001,1190,199,991,0.16722689075630251,True,85,1,14,1
TabDDPM,XGBoost,0.050000000000000003,1190,199,991,0.16722689075630251,True,85,1,14,1
TabDDPM,XGBoost,0.10000000000000001,1190,398,792,0.33445378151260502,True,85,1,14,1
TabDDPM,XGBoost,0.20000000000000001,1190,596,594,0.50084033613445378,True,85,1,14,1
