generator,learner,delta,hospitals_evaluable,seed_count,total_seed_pairs,discordant_seed_pairs,realization_pair_discordance_rate,hospital_reversal_count,hospital_reversal_proportion,unanimous_qualified_hospital_count,unanimous_qualified_hospital_proportion,unanimous_not_qualified_hospital_count,unanimous_not_qualified_hospital_proportion,hospital_rate_min,hospital_rate_Q1,hospital_rate_median,hospital_rate_Q3,hospital_rate_max
GaussianCopula,LR_L2,0.025000000000000001,85,15,8925,2640,0.2957983193277311,85,1,0,0,0,0,0.24761904761904763,0.24761904761904763,0.34285714285714286,0.34285714285714286,0.34285714285714286
GaussianCopula,LR_L2,0.050000000000000003,85,15,8925,2640,0.2957983193277311,85,1,0,0,0,0,0.24761904761904763,0.24761904761904763,0.34285714285714286,0.34285714285714286,0.34285714285714286
GaussianCopula,LR_L2,0.10000000000000001,85,15,8925,4198,0.47036414565826329,85,1,0,0,0,0,0.41904761904761906,0.41904761904761906,0.47619047619047616,0.51428571428571423,0.51428571428571423
GaussianCopula,LR_L2,0.20000000000000001,85,15,8925,4702,0.52683473389355739,85,1,0,0,0,0,0.51428571428571423,0.51428571428571423,0.53333333333333333,0.53333333333333333,0.53333333333333333
GaussianCopula,XGBoost,0.025000000000000001,85,15,8925,2640,0.2957983193277311,85,1,0,0,0,0,0.24761904761904763,0.24761904761904763,0.34285714285714286,0.34285714285714286,0.34285714285714286
GaussianCopula,XGBoost,0.050000000000000003,85,15,8925,2640,0.2957983193277311,85,1,0,0,0,0,0.24761904761904763,0.24761904761904763,0.34285714285714286,0.34285714285714286,0.34285714285714286
GaussianCopula,XGBoost,0.10000000000000001,85,15,8925,4198,0.47036414565826329,85,1,0,0,0,0,0.41904761904761906,0.41904761904761906,0.47619047619047616,0.51428571428571423,0.51428571428571423
GaussianCopula,XGBoost,0.20000000000000001,85,15,8925,4702,0.52683473389355739,85,1,0,0,0,0,0.51428571428571423,0.51428571428571423,0.53333333333333333,0.53333333333333333,0.53333333333333333
CTGAN,LR_L2,0.025000000000000001,85,15,8925,2640,0.2957983193277311,85,1,0,0,0,0,0.24761904761904763,0.24761904761904763,0.34285714285714286,0.34285714285714286,0.34285714285714286
CTGAN,LR_L2,0.050000000000000003,85,15,8925,2640,0.2957983193277311,85,1,0,0,0,0,0.24761904761904763,0.24761904761904763,0.34285714285714286,0.34285714285714286,0.34285714285714286
CTGAN,LR_L2,0.10000000000000001,85,15,8925,4198,0.47036414565826329,85,1,0,0,0,0,0.41904761904761906,0.41904761904761906,0.47619047619047616,0.51428571428571423,0.51428571428571423
CTGAN,LR_L2,0.20000000000000001,85,15,8925,4702,0.52683473389355739,85,1,0,0,0,0,0.51428571428571423,0.51428571428571423,0.53333333333333333,0.53333333333333333,0.53333333333333333
CTGAN,XGBoost,0.025000000000000001,85,15,8925,2640,0.2957983193277311,85,1,0,0,0,0,0.24761904761904763,0.24761904761904763,0.34285714285714286,0.34285714285714286,0.34285714285714286
CTGAN,XGBoost,0.050000000000000003,85,15,8925,2640,0.2957983193277311,85,1,0,0,0,0,0.24761904761904763,0.24761904761904763,0.34285714285714286,0.34285714285714286,0.34285714285714286
CTGAN,XGBoost,0.10000000000000001,85,15,8925,4198,0.47036414565826329,85,1,0,0,0,0,0.41904761904761906,0.41904761904761906,0.47619047619047616,0.51428571428571423,0.51428571428571423
CTGAN,XGBoost,0.20000000000000001,85,15,8925,4702,0.52683473389355739,85,1,0,0,0,0,0.51428571428571423,0.51428571428571423,0.53333333333333333,0.53333333333333333,0.53333333333333333
TabDDPM,LR_L2,0.025000000000000001,85,14,7735,2301,0.29747899159663865,85,1,0,0,0,0,0.26373626373626374,0.26373626373626374,0.26373626373626374,0.36263736263736263,0.36263736263736263
TabDDPM,LR_L2,0.050000000000000003,85,14,7735,2301,0.29747899159663865,85,1,0,0,0,0,0.26373626373626374,0.26373626373626374,0.26373626373626374,0.36263736263736263,0.36263736263736263
TabDDPM,LR_L2,0.10000000000000001,85,14,7735,3660,0.47317388493859081,85,1,0,0,0,0,0.43956043956043955,0.43956043956043955,0.49450549450549453,0.49450549450549453,0.52747252747252749
TabDDPM,LR_L2,0.20000000000000001,85,14,7735,4108,0.53109243697478992,85,1,0,0,0,0,0.52747252747252749,0.52747252747252749,0.52747252747252749,0.53846153846153844,0.53846153846153844
TabDDPM,XGBoost,0.025000000000000001,85,14,7735,2301,0.29747899159663865,85,1,0,0,0,0,0.26373626373626374,0.26373626373626374,0.26373626373626374,0.36263736263736263,0.36263736263736263
TabDDPM,XGBoost,0.050000000000000003,85,14,7735,2301,0.29747899159663865,85,1,0,0,0,0,0.26373626373626374,0.26373626373626374,0.26373626373626374,0.36263736263736263,0.36263736263736263
TabDDPM,XGBoost,0.10000000000000001,85,14,7735,3660,0.47317388493859081,85,1,0,0,0,0,0.43956043956043955,0.43956043956043955,0.49450549450549453,0.49450549450549453,0.52747252747252749
TabDDPM,XGBoost,0.20000000000000001,85,14,7735,4108,0.53109243697478992,85,1,0,0,0,0,0.52747252747252749,0.52747252747252749,0.52747252747252749,0.53846153846153844,0.53846153846153844
