generator,learner,delta,reference_lower_PI,reference_upper_PI,full_Target_B_state,total_observed_cells,qualified_cell_count,not_qualified_cell_count,qualified_cell_fraction,not_qualified_cell_fraction,opposite_cell_count,CELL_TO_TARGET_B_DISCORDANCE,discordance_applicability
GaussianCopula,LR_L2,0.025000000000000001,0.029999999999999999,0.10000000000000001,FULL_TARGET_B_NOT_QUALIFIED,1275,213,1062,0.16705882352941176,0.83294117647058818,213,0.16705882352941176,DEFINITIVE_REFERENCE
GaussianCopula,LR_L2,0.050000000000000003,0.029999999999999999,0.10000000000000001,FULL_TARGET_B_INDETERMINATE,1275,213,1062,0.16705882352941176,0.83294117647058818,,,NOT_APPLICABLE_INDETERMINATE_REFERENCE
GaussianCopula,LR_L2,0.10000000000000001,0.029999999999999999,0.10000000000000001,FULL_TARGET_B_QUALIFIED,1275,426,849,0.33411764705882352,0.66588235294117648,849,0.66588235294117648,DEFINITIVE_REFERENCE
GaussianCopula,LR_L2,0.20000000000000001,0.029999999999999999,0.10000000000000001,FULL_TARGET_B_QUALIFIED,1275,639,636,0.50117647058823533,0.49882352941176472,636,0.49882352941176472,DEFINITIVE_REFERENCE
GaussianCopula,XGBoost,0.025000000000000001,0.029999999999999999,0.10000000000000001,FULL_TARGET_B_NOT_QUALIFIED,1275,213,1062,0.16705882352941176,0.83294117647058818,213,0.16705882352941176,DEFINITIVE_REFERENCE
GaussianCopula,XGBoost,0.050000000000000003,0.029999999999999999,0.10000000000000001,FULL_TARGET_B_INDETERMINATE,1275,213,1062,0.16705882352941176,0.83294117647058818,,,NOT_APPLICABLE_INDETERMINATE_REFERENCE
GaussianCopula,XGBoost,0.10000000000000001,0.029999999999999999,0.10000000000000001,FULL_TARGET_B_QUALIFIED,1275,426,849,0.33411764705882352,0.66588235294117648,849,0.66588235294117648,DEFINITIVE_REFERENCE
GaussianCopula,XGBoost,0.20000000000000001,0.029999999999999999,0.10000000000000001,FULL_TARGET_B_QUALIFIED,1275,639,636,0.50117647058823533,0.49882352941176472,636,0.49882352941176472,DEFINITIVE_REFERENCE
CTGAN,LR_L2,0.025000000000000001,0.029999999999999999,0.10000000000000001,FULL_TARGET_B_NOT_QUALIFIED,1275,213,1062,0.16705882352941176,0.83294117647058818,213,0.16705882352941176,DEFINITIVE_REFERENCE
CTGAN,LR_L2,0.050000000000000003,0.029999999999999999,0.10000000000000001,FULL_TARGET_B_INDETERMINATE,1275,213,1062,0.16705882352941176,0.83294117647058818,,,NOT_APPLICABLE_INDETERMINATE_REFERENCE
CTGAN,LR_L2,0.10000000000000001,0.029999999999999999,0.10000000000000001,FULL_TARGET_B_QUALIFIED,1275,426,849,0.33411764705882352,0.66588235294117648,849,0.66588235294117648,DEFINITIVE_REFERENCE
CTGAN,LR_L2,0.20000000000000001,0.029999999999999999,0.10000000000000001,FULL_TARGET_B_QUALIFIED,1275,639,636,0.50117647058823533,0.49882352941176472,636,0.49882352941176472,DEFINITIVE_REFERENCE
CTGAN,XGBoost,0.025000000000000001,0.029999999999999999,0.10000000000000001,FULL_TARGET_B_NOT_QUALIFIED,1275,213,1062,0.16705882352941176,0.83294117647058818,213,0.16705882352941176,DEFINITIVE_REFERENCE
CTGAN,XGBoost,0.050000000000000003,0.029999999999999999,0.10000000000000001,FULL_TARGET_B_INDETERMINATE,1275,213,1062,0.16705882352941176,0.83294117647058818,,,NOT_APPLICABLE_INDETERMINATE_REFERENCE
CTGAN,XGBoost,0.10000000000000001,0.029999999999999999,0.10000000000000001,FULL_TARGET_B_QUALIFIED,1275,426,849,0.33411764705882352,0.66588235294117648,849,0.66588235294117648,DEFINITIVE_REFERENCE
CTGAN,XGBoost,0.20000000000000001,0.029999999999999999,0.10000000000000001,FULL_TARGET_B_QUALIFIED,1275,639,636,0.50117647058823533,0.49882352941176472,636,0.49882352941176472,DEFINITIVE_REFERENCE
TabDDPM,LR_L2,0.025000000000000001,0.029999999999999999,0.10000000000000001,FULL_TARGET_B_NOT_QUALIFIED,1190,199,991,0.16722689075630251,0.83277310924369752,199,0.16722689075630251,DEFINITIVE_REFERENCE
TabDDPM,LR_L2,0.050000000000000003,0.029999999999999999,0.10000000000000001,FULL_TARGET_B_INDETERMINATE,1190,199,991,0.16722689075630251,0.83277310924369752,,,NOT_APPLICABLE_INDETERMINATE_REFERENCE
TabDDPM,LR_L2,0.10000000000000001,0.029999999999999999,0.10000000000000001,FULL_TARGET_B_QUALIFIED,1190,398,792,0.33445378151260502,0.66554621848739492,792,0.66554621848739492,DEFINITIVE_REFERENCE
TabDDPM,LR_L2,0.20000000000000001,0.029999999999999999,0.10000000000000001,FULL_TARGET_B_QUALIFIED,1190,596,594,0.50084033613445378,0.49915966386554622,594,0.49915966386554622,DEFINITIVE_REFERENCE
TabDDPM,XGBoost,0.025000000000000001,0.029999999999999999,0.10000000000000001,FULL_TARGET_B_NOT_QUALIFIED,1190,199,991,0.16722689075630251,0.83277310924369752,199,0.16722689075630251,DEFINITIVE_REFERENCE
TabDDPM,XGBoost,0.050000000000000003,0.029999999999999999,0.10000000000000001,FULL_TARGET_B_INDETERMINATE,1190,199,991,0.16722689075630251,0.83277310924369752,,,NOT_APPLICABLE_INDETERMINATE_REFERENCE
TabDDPM,XGBoost,0.10000000000000001,0.029999999999999999,0.10000000000000001,FULL_TARGET_B_QUALIFIED,1190,398,792,0.33445378151260502,0.66554621848739492,792,0.66554621848739492,DEFINITIVE_REFERENCE
TabDDPM,XGBoost,0.20000000000000001,0.029999999999999999,0.10000000000000001,FULL_TARGET_B_QUALIFIED,1190,596,594,0.50084033613445378,0.49915966386554622,594,0.49915966386554622,DEFINITIVE_REFERENCE
