publication_object,display_row,public_sheet,fields,source_key,all_values_present,exact_display_reconciliation,method
Supplementary Table 5 A,1,EMPIRICAL_MATRIX_SUMMARY,generator;learner;delta;total_cells;qualified_cells;not_qualified_cells;qualified_fraction;hospital_reversal_count;seed_reversal_count,GaussianCopula | LR_L2 | 0.025000000000000001,True,True,Literal/Decimal or round-trip IEEE-754 equality and declared learner display label; no scientific calculation
Supplementary Table 5 A,2,EMPIRICAL_MATRIX_SUMMARY,generator;learner;delta;total_cells;qualified_cells;not_qualified_cells;qualified_fraction;hospital_reversal_count;seed_reversal_count,GaussianCopula | LR_L2 | 0.050000000000000003,True,True,Literal/Decimal or round-trip IEEE-754 equality and declared learner display label; no scientific calculation
Supplementary Table 5 A,3,EMPIRICAL_MATRIX_SUMMARY,generator;learner;delta;total_cells;qualified_cells;not_qualified_cells;qualified_fraction;hospital_reversal_count;seed_reversal_count,GaussianCopula | LR_L2 | 0.10000000000000001,True,True,Literal/Decimal or round-trip IEEE-754 equality and declared learner display label; no scientific calculation
Supplementary Table 5 A,4,EMPIRICAL_MATRIX_SUMMARY,generator;learner;delta;total_cells;qualified_cells;not_qualified_cells;qualified_fraction;hospital_reversal_count;seed_reversal_count,GaussianCopula | LR_L2 | 0.20000000000000001,True,True,Literal/Decimal or round-trip IEEE-754 equality and declared learner display label; no scientific calculation
Supplementary Table 5 A,5,EMPIRICAL_MATRIX_SUMMARY,generator;learner;delta;total_cells;qualified_cells;not_qualified_cells;qualified_fraction;hospital_reversal_count;seed_reversal_count,GaussianCopula | XGBoost | 0.025000000000000001,True,True,Literal/Decimal or round-trip IEEE-754 equality and declared learner display label; no scientific calculation
Supplementary Table 5 A,6,EMPIRICAL_MATRIX_SUMMARY,generator;learner;delta;total_cells;qualified_cells;not_qualified_cells;qualified_fraction;hospital_reversal_count;seed_reversal_count,GaussianCopula | XGBoost | 0.050000000000000003,True,True,Literal/Decimal or round-trip IEEE-754 equality and declared learner display label; no scientific calculation
Supplementary Table 5 A,7,EMPIRICAL_MATRIX_SUMMARY,generator;learner;delta;total_cells;qualified_cells;not_qualified_cells;qualified_fraction;hospital_reversal_count;seed_reversal_count,GaussianCopula | XGBoost | 0.10000000000000001,True,True,Literal/Decimal or round-trip IEEE-754 equality and declared learner display label; no scientific calculation
Supplementary Table 5 A,8,EMPIRICAL_MATRIX_SUMMARY,generator;learner;delta;total_cells;qualified_cells;not_qualified_cells;qualified_fraction;hospital_reversal_count;seed_reversal_count,GaussianCopula | XGBoost | 0.20000000000000001,True,True,Literal/Decimal or round-trip IEEE-754 equality and declared learner display label; no scientific calculation
Supplementary Table 5 A,9,EMPIRICAL_MATRIX_SUMMARY,generator;learner;delta;total_cells;qualified_cells;not_qualified_cells;qualified_fraction;hospital_reversal_count;seed_reversal_count,CTGAN | LR_L2 | 0.025000000000000001,True,True,Literal/Decimal or round-trip IEEE-754 equality and declared learner display label; no scientific calculation
Supplementary Table 5 A,10,EMPIRICAL_MATRIX_SUMMARY,generator;learner;delta;total_cells;qualified_cells;not_qualified_cells;qualified_fraction;hospital_reversal_count;seed_reversal_count,CTGAN | LR_L2 | 0.050000000000000003,True,True,Literal/Decimal or round-trip IEEE-754 equality and declared learner display label; no scientific calculation
Supplementary Table 5 A,11,EMPIRICAL_MATRIX_SUMMARY,generator;learner;delta;total_cells;qualified_cells;not_qualified_cells;qualified_fraction;hospital_reversal_count;seed_reversal_count,CTGAN | LR_L2 | 0.10000000000000001,True,True,Literal/Decimal or round-trip IEEE-754 equality and declared learner display label; no scientific calculation
Supplementary Table 5 A,12,EMPIRICAL_MATRIX_SUMMARY,generator;learner;delta;total_cells;qualified_cells;not_qualified_cells;qualified_fraction;hospital_reversal_count;seed_reversal_count,CTGAN | LR_L2 | 0.20000000000000001,True,True,Literal/Decimal or round-trip IEEE-754 equality and declared learner display label; no scientific calculation
Supplementary Table 5 A,13,EMPIRICAL_MATRIX_SUMMARY,generator;learner;delta;total_cells;qualified_cells;not_qualified_cells;qualified_fraction;hospital_reversal_count;seed_reversal_count,CTGAN | XGBoost | 0.025000000000000001,True,True,Literal/Decimal or round-trip IEEE-754 equality and declared learner display label; no scientific calculation
Supplementary Table 5 A,14,EMPIRICAL_MATRIX_SUMMARY,generator;learner;delta;total_cells;qualified_cells;not_qualified_cells;qualified_fraction;hospital_reversal_count;seed_reversal_count,CTGAN | XGBoost | 0.050000000000000003,True,True,Literal/Decimal or round-trip IEEE-754 equality and declared learner display label; no scientific calculation
Supplementary Table 5 A,15,EMPIRICAL_MATRIX_SUMMARY,generator;learner;delta;total_cells;qualified_cells;not_qualified_cells;qualified_fraction;hospital_reversal_count;seed_reversal_count,CTGAN | XGBoost | 0.10000000000000001,True,True,Literal/Decimal or round-trip IEEE-754 equality and declared learner display label; no scientific calculation
Supplementary Table 5 A,16,EMPIRICAL_MATRIX_SUMMARY,generator;learner;delta;total_cells;qualified_cells;not_qualified_cells;qualified_fraction;hospital_reversal_count;seed_reversal_count,CTGAN | XGBoost | 0.20000000000000001,True,True,Literal/Decimal or round-trip IEEE-754 equality and declared learner display label; no scientific calculation
Supplementary Table 5 A,17,EMPIRICAL_MATRIX_SUMMARY,generator;learner;delta;total_cells;qualified_cells;not_qualified_cells;qualified_fraction;hospital_reversal_count;seed_reversal_count,TabDDPM | LR_L2 | 0.025000000000000001,True,True,Literal/Decimal or round-trip IEEE-754 equality and declared learner display label; no scientific calculation
Supplementary Table 5 A,18,EMPIRICAL_MATRIX_SUMMARY,generator;learner;delta;total_cells;qualified_cells;not_qualified_cells;qualified_fraction;hospital_reversal_count;seed_reversal_count,TabDDPM | LR_L2 | 0.050000000000000003,True,True,Literal/Decimal or round-trip IEEE-754 equality and declared learner display label; no scientific calculation
Supplementary Table 5 A,19,EMPIRICAL_MATRIX_SUMMARY,generator;learner;delta;total_cells;qualified_cells;not_qualified_cells;qualified_fraction;hospital_reversal_count;seed_reversal_count,TabDDPM | LR_L2 | 0.10000000000000001,True,True,Literal/Decimal or round-trip IEEE-754 equality and declared learner display label; no scientific calculation
Supplementary Table 5 A,20,EMPIRICAL_MATRIX_SUMMARY,generator;learner;delta;total_cells;qualified_cells;not_qualified_cells;qualified_fraction;hospital_reversal_count;seed_reversal_count,TabDDPM | LR_L2 | 0.20000000000000001,True,True,Literal/Decimal or round-trip IEEE-754 equality and declared learner display label; no scientific calculation
Supplementary Table 5 A,21,EMPIRICAL_MATRIX_SUMMARY,generator;learner;delta;total_cells;qualified_cells;not_qualified_cells;qualified_fraction;hospital_reversal_count;seed_reversal_count,TabDDPM | XGBoost | 0.025000000000000001,True,True,Literal/Decimal or round-trip IEEE-754 equality and declared learner display label; no scientific calculation
Supplementary Table 5 A,22,EMPIRICAL_MATRIX_SUMMARY,generator;learner;delta;total_cells;qualified_cells;not_qualified_cells;qualified_fraction;hospital_reversal_count;seed_reversal_count,TabDDPM | XGBoost | 0.050000000000000003,True,True,Literal/Decimal or round-trip IEEE-754 equality and declared learner display label; no scientific calculation
Supplementary Table 5 A,23,EMPIRICAL_MATRIX_SUMMARY,generator;learner;delta;total_cells;qualified_cells;not_qualified_cells;qualified_fraction;hospital_reversal_count;seed_reversal_count,TabDDPM | XGBoost | 0.10000000000000001,True,True,Literal/Decimal or round-trip IEEE-754 equality and declared learner display label; no scientific calculation
Supplementary Table 5 A,24,EMPIRICAL_MATRIX_SUMMARY,generator;learner;delta;total_cells;qualified_cells;not_qualified_cells;qualified_fraction;hospital_reversal_count;seed_reversal_count,TabDDPM | XGBoost | 0.20000000000000001,True,True,Literal/Decimal or round-trip IEEE-754 equality and declared learner display label; no scientific calculation
Supplementary Table 5 B,1,REALIZATION_DISCORDANCE,generator;learner;delta;discordant_seed_pairs;total_seed_pairs;realization_pair_discordance_rate;unanimous_qualified_hospital_count;unanimous_not_qualified_hospital_count,GaussianCopula | LR_L2 | 0.025000000000000001,True,True,Literal/Decimal or round-trip IEEE-754 equality and declared learner display label; no scientific calculation
Supplementary Table 5 B,2,REALIZATION_DISCORDANCE,generator;learner;delta;discordant_seed_pairs;total_seed_pairs;realization_pair_discordance_rate;unanimous_qualified_hospital_count;unanimous_not_qualified_hospital_count,GaussianCopula | LR_L2 | 0.050000000000000003,True,True,Literal/Decimal or round-trip IEEE-754 equality and declared learner display label; no scientific calculation
Supplementary Table 5 B,3,REALIZATION_DISCORDANCE,generator;learner;delta;discordant_seed_pairs;total_seed_pairs;realization_pair_discordance_rate;unanimous_qualified_hospital_count;unanimous_not_qualified_hospital_count,GaussianCopula | LR_L2 | 0.10000000000000001,True,True,Literal/Decimal or round-trip IEEE-754 equality and declared learner display label; no scientific calculation
Supplementary Table 5 B,4,REALIZATION_DISCORDANCE,generator;learner;delta;discordant_seed_pairs;total_seed_pairs;realization_pair_discordance_rate;unanimous_qualified_hospital_count;unanimous_not_qualified_hospital_count,GaussianCopula | LR_L2 | 0.20000000000000001,True,True,Literal/Decimal or round-trip IEEE-754 equality and declared learner display label; no scientific calculation
Supplementary Table 5 B,5,REALIZATION_DISCORDANCE,generator;learner;delta;discordant_seed_pairs;total_seed_pairs;realization_pair_discordance_rate;unanimous_qualified_hospital_count;unanimous_not_qualified_hospital_count,GaussianCopula | XGBoost | 0.025000000000000001,True,True,Literal/Decimal or round-trip IEEE-754 equality and declared learner display label; no scientific calculation
Supplementary Table 5 B,6,REALIZATION_DISCORDANCE,generator;learner;delta;discordant_seed_pairs;total_seed_pairs;realization_pair_discordance_rate;unanimous_qualified_hospital_count;unanimous_not_qualified_hospital_count,GaussianCopula | XGBoost | 0.050000000000000003,True,True,Literal/Decimal or round-trip IEEE-754 equality and declared learner display label; no scientific calculation
Supplementary Table 5 B,7,REALIZATION_DISCORDANCE,generator;learner;delta;discordant_seed_pairs;total_seed_pairs;realization_pair_discordance_rate;unanimous_qualified_hospital_count;unanimous_not_qualified_hospital_count,GaussianCopula | XGBoost | 0.10000000000000001,True,True,Literal/Decimal or round-trip IEEE-754 equality and declared learner display label; no scientific calculation
Supplementary Table 5 B,8,REALIZATION_DISCORDANCE,generator;learner;delta;discordant_seed_pairs;total_seed_pairs;realization_pair_discordance_rate;unanimous_qualified_hospital_count;unanimous_not_qualified_hospital_count,GaussianCopula | XGBoost | 0.20000000000000001,True,True,Literal/Decimal or round-trip IEEE-754 equality and declared learner display label; no scientific calculation
Supplementary Table 5 B,9,REALIZATION_DISCORDANCE,generator;learner;delta;discordant_seed_pairs;total_seed_pairs;realization_pair_discordance_rate;unanimous_qualified_hospital_count;unanimous_not_qualified_hospital_count,CTGAN | LR_L2 | 0.025000000000000001,True,True,Literal/Decimal or round-trip IEEE-754 equality and declared learner display label; no scientific calculation
Supplementary Table 5 B,10,REALIZATION_DISCORDANCE,generator;learner;delta;discordant_seed_pairs;total_seed_pairs;realization_pair_discordance_rate;unanimous_qualified_hospital_count;unanimous_not_qualified_hospital_count,CTGAN | LR_L2 | 0.050000000000000003,True,True,Literal/Decimal or round-trip IEEE-754 equality and declared learner display label; no scientific calculation
Supplementary Table 5 B,11,REALIZATION_DISCORDANCE,generator;learner;delta;discordant_seed_pairs;total_seed_pairs;realization_pair_discordance_rate;unanimous_qualified_hospital_count;unanimous_not_qualified_hospital_count,CTGAN | LR_L2 | 0.10000000000000001,True,True,Literal/Decimal or round-trip IEEE-754 equality and declared learner display label; no scientific calculation
Supplementary Table 5 B,12,REALIZATION_DISCORDANCE,generator;learner;delta;discordant_seed_pairs;total_seed_pairs;realization_pair_discordance_rate;unanimous_qualified_hospital_count;unanimous_not_qualified_hospital_count,CTGAN | LR_L2 | 0.20000000000000001,True,True,Literal/Decimal or round-trip IEEE-754 equality and declared learner display label; no scientific calculation
Supplementary Table 5 B,13,REALIZATION_DISCORDANCE,generator;learner;delta;discordant_seed_pairs;total_seed_pairs;realization_pair_discordance_rate;unanimous_qualified_hospital_count;unanimous_not_qualified_hospital_count,CTGAN | XGBoost | 0.025000000000000001,True,True,Literal/Decimal or round-trip IEEE-754 equality and declared learner display label; no scientific calculation
Supplementary Table 5 B,14,REALIZATION_DISCORDANCE,generator;learner;delta;discordant_seed_pairs;total_seed_pairs;realization_pair_discordance_rate;unanimous_qualified_hospital_count;unanimous_not_qualified_hospital_count,CTGAN | XGBoost | 0.050000000000000003,True,True,Literal/Decimal or round-trip IEEE-754 equality and declared learner display label; no scientific calculation
Supplementary Table 5 B,15,REALIZATION_DISCORDANCE,generator;learner;delta;discordant_seed_pairs;total_seed_pairs;realization_pair_discordance_rate;unanimous_qualified_hospital_count;unanimous_not_qualified_hospital_count,CTGAN | XGBoost | 0.10000000000000001,True,True,Literal/Decimal or round-trip IEEE-754 equality and declared learner display label; no scientific calculation
Supplementary Table 5 B,16,REALIZATION_DISCORDANCE,generator;learner;delta;discordant_seed_pairs;total_seed_pairs;realization_pair_discordance_rate;unanimous_qualified_hospital_count;unanimous_not_qualified_hospital_count,CTGAN | XGBoost | 0.20000000000000001,True,True,Literal/Decimal or round-trip IEEE-754 equality and declared learner display label; no scientific calculation
Supplementary Table 5 B,17,REALIZATION_DISCORDANCE,generator;learner;delta;discordant_seed_pairs;total_seed_pairs;realization_pair_discordance_rate;unanimous_qualified_hospital_count;unanimous_not_qualified_hospital_count,TabDDPM | LR_L2 | 0.025000000000000001,True,True,Literal/Decimal or round-trip IEEE-754 equality and declared learner display label; no scientific calculation
Supplementary Table 5 B,18,REALIZATION_DISCORDANCE,generator;learner;delta;discordant_seed_pairs;total_seed_pairs;realization_pair_discordance_rate;unanimous_qualified_hospital_count;unanimous_not_qualified_hospital_count,TabDDPM | LR_L2 | 0.050000000000000003,True,True,Literal/Decimal or round-trip IEEE-754 equality and declared learner display label; no scientific calculation
Supplementary Table 5 B,19,REALIZATION_DISCORDANCE,generator;learner;delta;discordant_seed_pairs;total_seed_pairs;realization_pair_discordance_rate;unanimous_qualified_hospital_count;unanimous_not_qualified_hospital_count,TabDDPM | LR_L2 | 0.10000000000000001,True,True,Literal/Decimal or round-trip IEEE-754 equality and declared learner display label; no scientific calculation
Supplementary Table 5 B,20,REALIZATION_DISCORDANCE,generator;learner;delta;discordant_seed_pairs;total_seed_pairs;realization_pair_discordance_rate;unanimous_qualified_hospital_count;unanimous_not_qualified_hospital_count,TabDDPM | LR_L2 | 0.20000000000000001,True,True,Literal/Decimal or round-trip IEEE-754 equality and declared learner display label; no scientific calculation
Supplementary Table 5 B,21,REALIZATION_DISCORDANCE,generator;learner;delta;discordant_seed_pairs;total_seed_pairs;realization_pair_discordance_rate;unanimous_qualified_hospital_count;unanimous_not_qualified_hospital_count,TabDDPM | XGBoost | 0.025000000000000001,True,True,Literal/Decimal or round-trip IEEE-754 equality and declared learner display label; no scientific calculation
Supplementary Table 5 B,22,REALIZATION_DISCORDANCE,generator;learner;delta;discordant_seed_pairs;total_seed_pairs;realization_pair_discordance_rate;unanimous_qualified_hospital_count;unanimous_not_qualified_hospital_count,TabDDPM | XGBoost | 0.050000000000000003,True,True,Literal/Decimal or round-trip IEEE-754 equality and declared learner display label; no scientific calculation
Supplementary Table 5 B,23,REALIZATION_DISCORDANCE,generator;learner;delta;discordant_seed_pairs;total_seed_pairs;realization_pair_discordance_rate;unanimous_qualified_hospital_count;unanimous_not_qualified_hospital_count,TabDDPM | XGBoost | 0.10000000000000001,True,True,Literal/Decimal or round-trip IEEE-754 equality and declared learner display label; no scientific calculation
Supplementary Table 5 B,24,REALIZATION_DISCORDANCE,generator;learner;delta;discordant_seed_pairs;total_seed_pairs;realization_pair_discordance_rate;unanimous_qualified_hospital_count;unanimous_not_qualified_hospital_count,TabDDPM | XGBoost | 0.20000000000000001,True,True,Literal/Decimal or round-trip IEEE-754 equality and declared learner display label; no scientific calculation
Supplementary Table 5 C,1,DESTINATION_DISCORDANCE,generator;learner;delta;discordant_hospital_pairs;total_hospital_pairs;destination_pair_discordance_rate;unanimous_qualified_seed_count;unanimous_not_qualified_seed_count,GaussianCopula | LR_L2 | 0.025000000000000001,True,True,Literal/Decimal or round-trip IEEE-754 equality and declared learner display label; no scientific calculation
Supplementary Table 5 C,2,DESTINATION_DISCORDANCE,generator;learner;delta;discordant_hospital_pairs;total_hospital_pairs;destination_pair_discordance_rate;unanimous_qualified_seed_count;unanimous_not_qualified_seed_count,GaussianCopula | LR_L2 | 0.050000000000000003,True,True,Literal/Decimal or round-trip IEEE-754 equality and declared learner display label; no scientific calculation
Supplementary Table 5 C,3,DESTINATION_DISCORDANCE,generator;learner;delta;discordant_hospital_pairs;total_hospital_pairs;destination_pair_discordance_rate;unanimous_qualified_seed_count;unanimous_not_qualified_seed_count,GaussianCopula | LR_L2 | 0.10000000000000001,True,True,Literal/Decimal or round-trip IEEE-754 equality and declared learner display label; no scientific calculation
Supplementary Table 5 C,4,DESTINATION_DISCORDANCE,generator;learner;delta;discordant_hospital_pairs;total_hospital_pairs;destination_pair_discordance_rate;unanimous_qualified_seed_count;unanimous_not_qualified_seed_count,GaussianCopula | LR_L2 | 0.20000000000000001,True,True,Literal/Decimal or round-trip IEEE-754 equality and declared learner display label; no scientific calculation
Supplementary Table 5 C,5,DESTINATION_DISCORDANCE,generator;learner;delta;discordant_hospital_pairs;total_hospital_pairs;destination_pair_discordance_rate;unanimous_qualified_seed_count;unanimous_not_qualified_seed_count,GaussianCopula | XGBoost | 0.025000000000000001,True,True,Literal/Decimal or round-trip IEEE-754 equality and declared learner display label; no scientific calculation
Supplementary Table 5 C,6,DESTINATION_DISCORDANCE,generator;learner;delta;discordant_hospital_pairs;total_hospital_pairs;destination_pair_discordance_rate;unanimous_qualified_seed_count;unanimous_not_qualified_seed_count,GaussianCopula | XGBoost | 0.050000000000000003,True,True,Literal/Decimal or round-trip IEEE-754 equality and declared learner display label; no scientific calculation
Supplementary Table 5 C,7,DESTINATION_DISCORDANCE,generator;learner;delta;discordant_hospital_pairs;total_hospital_pairs;destination_pair_discordance_rate;unanimous_qualified_seed_count;unanimous_not_qualified_seed_count,GaussianCopula | XGBoost | 0.10000000000000001,True,True,Literal/Decimal or round-trip IEEE-754 equality and declared learner display label; no scientific calculation
Supplementary Table 5 C,8,DESTINATION_DISCORDANCE,generator;learner;delta;discordant_hospital_pairs;total_hospital_pairs;destination_pair_discordance_rate;unanimous_qualified_seed_count;unanimous_not_qualified_seed_count,GaussianCopula | XGBoost | 0.20000000000000001,True,True,Literal/Decimal or round-trip IEEE-754 equality and declared learner display label; no scientific calculation
Supplementary Table 5 C,9,DESTINATION_DISCORDANCE,generator;learner;delta;discordant_hospital_pairs;total_hospital_pairs;destination_pair_discordance_rate;unanimous_qualified_seed_count;unanimous_not_qualified_seed_count,CTGAN | LR_L2 | 0.025000000000000001,True,True,Literal/Decimal or round-trip IEEE-754 equality and declared learner display label; no scientific calculation
Supplementary Table 5 C,10,DESTINATION_DISCORDANCE,generator;learner;delta;discordant_hospital_pairs;total_hospital_pairs;destination_pair_discordance_rate;unanimous_qualified_seed_count;unanimous_not_qualified_seed_count,CTGAN | LR_L2 | 0.050000000000000003,True,True,Literal/Decimal or round-trip IEEE-754 equality and declared learner display label; no scientific calculation
Supplementary Table 5 C,11,DESTINATION_DISCORDANCE,generator;learner;delta;discordant_hospital_pairs;total_hospital_pairs;destination_pair_discordance_rate;unanimous_qualified_seed_count;unanimous_not_qualified_seed_count,CTGAN | LR_L2 | 0.10000000000000001,True,True,Literal/Decimal or round-trip IEEE-754 equality and declared learner display label; no scientific calculation
Supplementary Table 5 C,12,DESTINATION_DISCORDANCE,generator;learner;delta;discordant_hospital_pairs;total_hospital_pairs;destination_pair_discordance_rate;unanimous_qualified_seed_count;unanimous_not_qualified_seed_count,CTGAN | LR_L2 | 0.20000000000000001,True,True,Literal/Decimal or round-trip IEEE-754 equality and declared learner display label; no scientific calculation
Supplementary Table 5 C,13,DESTINATION_DISCORDANCE,generator;learner;delta;discordant_hospital_pairs;total_hospital_pairs;destination_pair_discordance_rate;unanimous_qualified_seed_count;unanimous_not_qualified_seed_count,CTGAN | XGBoost | 0.025000000000000001,True,True,Literal/Decimal or round-trip IEEE-754 equality and declared learner display label; no scientific calculation
Supplementary Table 5 C,14,DESTINATION_DISCORDANCE,generator;learner;delta;discordant_hospital_pairs;total_hospital_pairs;destination_pair_discordance_rate;unanimous_qualified_seed_count;unanimous_not_qualified_seed_count,CTGAN | XGBoost | 0.050000000000000003,True,True,Literal/Decimal or round-trip IEEE-754 equality and declared learner display label; no scientific calculation
Supplementary Table 5 C,15,DESTINATION_DISCORDANCE,generator;learner;delta;discordant_hospital_pairs;total_hospital_pairs;destination_pair_discordance_rate;unanimous_qualified_seed_count;unanimous_not_qualified_seed_count,CTGAN | XGBoost | 0.10000000000000001,True,True,Literal/Decimal or round-trip IEEE-754 equality and declared learner display label; no scientific calculation
Supplementary Table 5 C,16,DESTINATION_DISCORDANCE,generator;learner;delta;discordant_hospital_pairs;total_hospital_pairs;destination_pair_discordance_rate;unanimous_qualified_seed_count;unanimous_not_qualified_seed_count,CTGAN | XGBoost | 0.20000000000000001,True,True,Literal/Decimal or round-trip IEEE-754 equality and declared learner display label; no scientific calculation
Supplementary Table 5 C,17,DESTINATION_DISCORDANCE,generator;learner;delta;discordant_hospital_pairs;total_hospital_pairs;destination_pair_discordance_rate;unanimous_qualified_seed_count;unanimous_not_qualified_seed_count,TabDDPM | LR_L2 | 0.025000000000000001,True,True,Literal/Decimal or round-trip IEEE-754 equality and declared learner display label; no scientific calculation
Supplementary Table 5 C,18,DESTINATION_DISCORDANCE,generator;learner;delta;discordant_hospital_pairs;total_hospital_pairs;destination_pair_discordance_rate;unanimous_qualified_seed_count;unanimous_not_qualified_seed_count,TabDDPM | LR_L2 | 0.050000000000000003,True,True,Literal/Decimal or round-trip IEEE-754 equality and declared learner display label; no scientific calculation
Supplementary Table 5 C,19,DESTINATION_DISCORDANCE,generator;learner;delta;discordant_hospital_pairs;total_hospital_pairs;destination_pair_discordance_rate;unanimous_qualified_seed_count;unanimous_not_qualified_seed_count,TabDDPM | LR_L2 | 0.10000000000000001,True,True,Literal/Decimal or round-trip IEEE-754 equality and declared learner display label; no scientific calculation
Supplementary Table 5 C,20,DESTINATION_DISCORDANCE,generator;learner;delta;discordant_hospital_pairs;total_hospital_pairs;destination_pair_discordance_rate;unanimous_qualified_seed_count;unanimous_not_qualified_seed_count,TabDDPM | LR_L2 | 0.20000000000000001,True,True,Literal/Decimal or round-trip IEEE-754 equality and declared learner display label; no scientific calculation
Supplementary Table 5 C,21,DESTINATION_DISCORDANCE,generator;learner;delta;discordant_hospital_pairs;total_hospital_pairs;destination_pair_discordance_rate;unanimous_qualified_seed_count;unanimous_not_qualified_seed_count,TabDDPM | XGBoost | 0.025000000000000001,True,True,Literal/Decimal or round-trip IEEE-754 equality and declared learner display label; no scientific calculation
Supplementary Table 5 C,22,DESTINATION_DISCORDANCE,generator;learner;delta;discordant_hospital_pairs;total_hospital_pairs;destination_pair_discordance_rate;unanimous_qualified_seed_count;unanimous_not_qualified_seed_count,TabDDPM | XGBoost | 0.050000000000000003,True,True,Literal/Decimal or round-trip IEEE-754 equality and declared learner display label; no scientific calculation
Supplementary Table 5 C,23,DESTINATION_DISCORDANCE,generator;learner;delta;discordant_hospital_pairs;total_hospital_pairs;destination_pair_discordance_rate;unanimous_qualified_seed_count;unanimous_not_qualified_seed_count,TabDDPM | XGBoost | 0.10000000000000001,True,True,Literal/Decimal or round-trip IEEE-754 equality and declared learner display label; no scientific calculation
Supplementary Table 5 C,24,DESTINATION_DISCORDANCE,generator;learner;delta;discordant_hospital_pairs;total_hospital_pairs;destination_pair_discordance_rate;unanimous_qualified_seed_count;unanimous_not_qualified_seed_count,TabDDPM | XGBoost | 0.20000000000000001,True,True,Literal/Decimal or round-trip IEEE-754 equality and declared learner display label; no scientific calculation
Supplementary Table 5 D,1,EMPIRICAL_DENOMINATORS,generator;learner;delta;hospital_count;generation_attempts;utility_estimable_seed_count;collapsed_attempt_count;expected_cells;observed_cells,GaussianCopula | LR_L2 | 0.025000000000000001,True,True,Literal/Decimal or round-trip IEEE-754 equality and declared learner display label; no scientific calculation
Supplementary Table 5 D,2,EMPIRICAL_DENOMINATORS,generator;learner;delta;hospital_count;generation_attempts;utility_estimable_seed_count;collapsed_attempt_count;expected_cells;observed_cells,GaussianCopula | LR_L2 | 0.050000000000000003,True,True,Literal/Decimal or round-trip IEEE-754 equality and declared learner display label; no scientific calculation
Supplementary Table 5 D,3,EMPIRICAL_DENOMINATORS,generator;learner;delta;hospital_count;generation_attempts;utility_estimable_seed_count;collapsed_attempt_count;expected_cells;observed_cells,GaussianCopula | LR_L2 | 0.10000000000000001,True,True,Literal/Decimal or round-trip IEEE-754 equality and declared learner display label; no scientific calculation
Supplementary Table 5 D,4,EMPIRICAL_DENOMINATORS,generator;learner;delta;hospital_count;generation_attempts;utility_estimable_seed_count;collapsed_attempt_count;expected_cells;observed_cells,GaussianCopula | LR_L2 | 0.20000000000000001,True,True,Literal/Decimal or round-trip IEEE-754 equality and declared learner display label; no scientific calculation
Supplementary Table 5 D,5,EMPIRICAL_DENOMINATORS,generator;learner;delta;hospital_count;generation_attempts;utility_estimable_seed_count;collapsed_attempt_count;expected_cells;observed_cells,GaussianCopula | XGBoost | 0.025000000000000001,True,True,Literal/Decimal or round-trip IEEE-754 equality and declared learner display label; no scientific calculation
Supplementary Table 5 D,6,EMPIRICAL_DENOMINATORS,generator;learner;delta;hospital_count;generation_attempts;utility_estimable_seed_count;collapsed_attempt_count;expected_cells;observed_cells,GaussianCopula | XGBoost | 0.050000000000000003,True,True,Literal/Decimal or round-trip IEEE-754 equality and declared learner display label; no scientific calculation
Supplementary Table 5 D,7,EMPIRICAL_DENOMINATORS,generator;learner;delta;hospital_count;generation_attempts;utility_estimable_seed_count;collapsed_attempt_count;expected_cells;observed_cells,GaussianCopula | XGBoost | 0.10000000000000001,True,True,Literal/Decimal or round-trip IEEE-754 equality and declared learner display label; no scientific calculation
Supplementary Table 5 D,8,EMPIRICAL_DENOMINATORS,generator;learner;delta;hospital_count;generation_attempts;utility_estimable_seed_count;collapsed_attempt_count;expected_cells;observed_cells,GaussianCopula | XGBoost | 0.20000000000000001,True,True,Literal/Decimal or round-trip IEEE-754 equality and declared learner display label; no scientific calculation
Supplementary Table 5 D,9,EMPIRICAL_DENOMINATORS,generator;learner;delta;hospital_count;generation_attempts;utility_estimable_seed_count;collapsed_attempt_count;expected_cells;observed_cells,CTGAN | LR_L2 | 0.025000000000000001,True,True,Literal/Decimal or round-trip IEEE-754 equality and declared learner display label; no scientific calculation
Supplementary Table 5 D,10,EMPIRICAL_DENOMINATORS,generator;learner;delta;hospital_count;generation_attempts;utility_estimable_seed_count;collapsed_attempt_count;expected_cells;observed_cells,CTGAN | LR_L2 | 0.050000000000000003,True,True,Literal/Decimal or round-trip IEEE-754 equality and declared learner display label; no scientific calculation
Supplementary Table 5 D,11,EMPIRICAL_DENOMINATORS,generator;learner;delta;hospital_count;generation_attempts;utility_estimable_seed_count;collapsed_attempt_count;expected_cells;observed_cells,CTGAN | LR_L2 | 0.10000000000000001,True,True,Literal/Decimal or round-trip IEEE-754 equality and declared learner display label; no scientific calculation
Supplementary Table 5 D,12,EMPIRICAL_DENOMINATORS,generator;learner;delta;hospital_count;generation_attempts;utility_estimable_seed_count;collapsed_attempt_count;expected_cells;observed_cells,CTGAN | LR_L2 | 0.20000000000000001,True,True,Literal/Decimal or round-trip IEEE-754 equality and declared learner display label; no scientific calculation
Supplementary Table 5 D,13,EMPIRICAL_DENOMINATORS,generator;learner;delta;hospital_count;generation_attempts;utility_estimable_seed_count;collapsed_attempt_count;expected_cells;observed_cells,CTGAN | XGBoost | 0.025000000000000001,True,True,Literal/Decimal or round-trip IEEE-754 equality and declared learner display label; no scientific calculation
Supplementary Table 5 D,14,EMPIRICAL_DENOMINATORS,generator;learner;delta;hospital_count;generation_attempts;utility_estimable_seed_count;collapsed_attempt_count;expected_cells;observed_cells,CTGAN | XGBoost | 0.050000000000000003,True,True,Literal/Decimal or round-trip IEEE-754 equality and declared learner display label; no scientific calculation
Supplementary Table 5 D,15,EMPIRICAL_DENOMINATORS,generator;learner;delta;hospital_count;generation_attempts;utility_estimable_seed_count;collapsed_attempt_count;expected_cells;observed_cells,CTGAN | XGBoost | 0.10000000000000001,True,True,Literal/Decimal or round-trip IEEE-754 equality and declared learner display label; no scientific calculation
Supplementary Table 5 D,16,EMPIRICAL_DENOMINATORS,generator;learner;delta;hospital_count;generation_attempts;utility_estimable_seed_count;collapsed_attempt_count;expected_cells;observed_cells,CTGAN | XGBoost | 0.20000000000000001,True,True,Literal/Decimal or round-trip IEEE-754 equality and declared learner display label; no scientific calculation
Supplementary Table 5 D,17,EMPIRICAL_DENOMINATORS,generator;learner;delta;hospital_count;generation_attempts;utility_estimable_seed_count;collapsed_attempt_count;expected_cells;observed_cells,TabDDPM | LR_L2 | 0.025000000000000001,True,True,Literal/Decimal or round-trip IEEE-754 equality and declared learner display label; no scientific calculation
Supplementary Table 5 D,18,EMPIRICAL_DENOMINATORS,generator;learner;delta;hospital_count;generation_attempts;utility_estimable_seed_count;collapsed_attempt_count;expected_cells;observed_cells,TabDDPM | LR_L2 | 0.050000000000000003,True,True,Literal/Decimal or round-trip IEEE-754 equality and declared learner display label; no scientific calculation
Supplementary Table 5 D,19,EMPIRICAL_DENOMINATORS,generator;learner;delta;hospital_count;generation_attempts;utility_estimable_seed_count;collapsed_attempt_count;expected_cells;observed_cells,TabDDPM | LR_L2 | 0.10000000000000001,True,True,Literal/Decimal or round-trip IEEE-754 equality and declared learner display label; no scientific calculation
Supplementary Table 5 D,20,EMPIRICAL_DENOMINATORS,generator;learner;delta;hospital_count;generation_attempts;utility_estimable_seed_count;collapsed_attempt_count;expected_cells;observed_cells,TabDDPM | LR_L2 | 0.20000000000000001,True,True,Literal/Decimal or round-trip IEEE-754 equality and declared learner display label; no scientific calculation
Supplementary Table 5 D,21,EMPIRICAL_DENOMINATORS,generator;learner;delta;hospital_count;generation_attempts;utility_estimable_seed_count;collapsed_attempt_count;expected_cells;observed_cells,TabDDPM | XGBoost | 0.025000000000000001,True,True,Literal/Decimal or round-trip IEEE-754 equality and declared learner display label; no scientific calculation
Supplementary Table 5 D,22,EMPIRICAL_DENOMINATORS,generator;learner;delta;hospital_count;generation_attempts;utility_estimable_seed_count;collapsed_attempt_count;expected_cells;observed_cells,TabDDPM | XGBoost | 0.050000000000000003,True,True,Literal/Decimal or round-trip IEEE-754 equality and declared learner display label; no scientific calculation
Supplementary Table 5 D,23,EMPIRICAL_DENOMINATORS,generator;learner;delta;hospital_count;generation_attempts;utility_estimable_seed_count;collapsed_attempt_count;expected_cells;observed_cells,TabDDPM | XGBoost | 0.10000000000000001,True,True,Literal/Decimal or round-trip IEEE-754 equality and declared learner display label; no scientific calculation
Supplementary Table 5 D,24,EMPIRICAL_DENOMINATORS,generator;learner;delta;hospital_count;generation_attempts;utility_estimable_seed_count;collapsed_attempt_count;expected_cells;observed_cells,TabDDPM | XGBoost | 0.20000000000000001,True,True,Literal/Decimal or round-trip IEEE-754 equality and declared learner display label; no scientific calculation
Figure 5,ALL_24_MATRICES,REALIZATION_DISCORDANCE,generator;learner;delta;realization_pair_discordance_rate;discordant_seed_pairs;total_seed_pairs;hospital_reversal_count;hospital_reversal_proportion,existing frozen Figure5_source_index + displayed Table5 denominator sources,True,True,Exact source token identity plus required-field coverage; no figure regeneration
Figure 5,ALL_24_MATRICES,DESTINATION_DISCORDANCE,generator;learner;delta;destination_pair_discordance_rate;discordant_hospital_pairs;total_hospital_pairs;seed_reversal_count;seed_reversal_proportion,existing frozen Figure5_source_index + displayed Table5 denominator sources,True,True,Exact source token identity plus required-field coverage; no figure regeneration
Figure 5,ALL_24_MATRICES,EMPIRICAL_MATRIX_SUMMARY,hospital_reversal_count;seed_reversal_count;total_cells;qualified_cells;not_qualified_cells,existing frozen Figure5_source_index + displayed Table5 denominator sources,True,True,Exact source token identity plus required-field coverage; no figure regeneration
Figure 5,ALL_24_MATRICES,EMPIRICAL_DENOMINATORS,hospital_count;generation_attempts;utility_estimable_seed_count;expected_cells;observed_cells;total_seed_pairs;total_hospital_pairs,existing frozen Figure5_source_index + displayed Table5 denominator sources,True,True,Exact source token identity plus required-field coverage; no figure regeneration
Figure 5,ALL_24_MATRICES,TARGET_B_REFERENCE,reference_lower_PI;reference_upper_PI;full_Target_B_state;opposite_cell_count;CELL_TO_TARGET_B_DISCORDANCE;discordance_applicability,existing frozen Figure5_source_index + displayed Table5 denominator sources,True,True,Exact source token identity plus required-field coverage; no figure regeneration
