path,sha256,bytes,scope
publication_data/README.md,bb67a1623cfde97a62ae06077d07a4fcfb95c9463e0d6cf8e2e4c12188386488,376,PUBLIC_DOCUMENTATION
publication_data/Supplementary_Data_1_R4_1.xlsx,e00b44389324ee928d868206722d2483a19526e2e05eb92d835f640d923e5441,160891,APPROVED_05S_PUBLICATION_AGGREGATE
publication_data/Supplementary_Data_2_R4_1_1_PUBLIC_AGGREGATE.xlsx,6fdeba7d09ca056d19672b904c47b09edf2cd06b4ffc7585c0a889b05745ebb1,4027450,APPROVED_05S_PUBLICATION_AGGREGATE
publication_data/aggregate_sources/CROSSED_MODEL_RESULTS.csv,271ace315eb601bf9355537d8b94b0d4dbcbe74b7ed3ffafbc40b48c30225aa4,3585,APPROVED_05S_PUBLICATION_AGGREGATE
publication_data/aggregate_sources/CROSSED_MODEL_SENSITIVITY.csv,27f2eb70d80d2bf25e086b60b50d06008d768a1c4a0f622b77a2683c35663ad8,9666,APPROVED_05S_PUBLICATION_AGGREGATE
publication_data/aggregate_sources/DESTINATION_DISCORDANCE.csv,b57c7f1cdaea38e8a31d309883bff60955c0796883d847bb62a8dcecb2eafbdd,55903,APPROVED_05S_PUBLICATION_AGGREGATE
publication_data/aggregate_sources/EMPIRICAL_DENOMINATORS.csv,62f6f453c2eb17bff2d6e699a21c786f4e97ee915bfe0c44a9b384405aa78cce,5718,APPROVED_05S_PUBLICATION_AGGREGATE
publication_data/aggregate_sources/EMPIRICAL_MATRIX_SUMMARY.csv,514631ad17042a01d407af8dbaa1a625a6ce942e1ea2c57dfa3a230b51fe88d5,2961,APPROVED_05S_PUBLICATION_AGGREGATE
publication_data/aggregate_sources/REALIZATION_DISCORDANCE.csv,8bb68ecfb47fa76a627caf5d0da99e15812071c0f1a1b561bbd65f409109ecc2,4747,APPROVED_05S_PUBLICATION_AGGREGATE
publication_data/aggregate_sources/TARGET_B_REFERENCE.csv,5047fb6666054d75086d001a1f97c0ffcb41b7c702bc99a1501e101f3b335098,5109,APPROVED_05S_PUBLICATION_AGGREGATE
publication_data/aggregate_sources/U6_01_BOUNDARY_DISTANCE_SUMMARY.csv,24ca86693e42eff8eb159a8846e87cf9586e9d9126e3e4c1dfc3d7427b85344f,17170,APPROVED_05S_PUBLICATION_AGGREGATE
publication_data/aggregate_sources/U6_01_CELL_SUMMARY.csv,83c26ed0488975501fb24da433cc6cea6af963fcf64116a03809aacd3f316862,2738648,APPROVED_05S_PUBLICATION_AGGREGATE
publication_data/aggregate_sources/U6_01_DECISION_CONFUSION.csv,a57e02f7ccc7762cde45cf7cda2489bb587cfe961f548a46862bc66da45205f0,4806575,APPROVED_05S_PUBLICATION_AGGREGATE
publication_data/aggregate_sources/U6_01_FIT_ACCOUNTING.csv,e2dcfd945e2c73584b013536d37127666c769602481bdb92d5e53f355204d12f,37513,APPROVED_05S_PUBLICATION_AGGREGATE
publication_data/aggregate_sources/U6_01_NULL_DIAGNOSTICS.csv,bb4d210aa378fa19c599688c686d22f29fb4ad5f9d002cc29f72a42d97d04aac,499985,APPROVED_05S_PUBLICATION_AGGREGATE
publication_data/aggregate_sources/U6_LEAVE_ONE_BLOCK_OUT.csv,006f4054541b129039050932faf6ecd65315bb4a23e78a39a8d30ceffa80094b,4636,APPROVED_05S_PUBLICATION_AGGREGATE
publication_data/aggregate_sources/U6_MACRO_SUMMARY.csv,3d2742528b61dcbb2d8dd3cd72cbbf820ac539611a499a8c2b9db5cf2bb78e50,48069,APPROVED_05S_PUBLICATION_AGGREGATE
publication_data/aggregate_sources/U6_THRESHOLD_GATE.csv,f6232d04e49149561f0294172fff5b2e71b737070749b5a10cc8e3e1a73445b0,9968,APPROVED_05S_PUBLICATION_AGGREGATE
